target_stock,week_t,week_pred,forecast,intercept,lambda,n_active
10104,2016-08-01,2016-08-08,0.006695403885392715,0.006695403885392715,0.012535924708212676,0
10104,2016-08-08,2016-08-15,0.006217657840561993,0.006217657840561993,0.011936525550317698,0
10104,2016-08-15,2016-08-22,0.004722911042433176,0.004722911042433176,0.011133454236051991,0
10104,2016-08-22,2016-08-29,0.005274813323794725,0.005274813323794725,0.011600875263057447,0
10104,2016-08-29,2016-09-05,0.004438325371735445,0.004438325371735445,0.012917320363876675,0
10104,2016-09-05,2016-09-12,0.0023510230101111934,0.0023510230101111934,0.013531056251586572,0
10104,2016-09-12,2016-09-19,0.0024533813692863594,0.0024533813692863594,0.013248082739371551,0
10104,2016-09-19,2016-09-26,0.0016571008812364804,0.0016571008812364804,0.012863531281061182,0
10104,2016-09-26,2016-10-03,3.6818618918100805e-4,3.6818618918100805e-4,0.011110590603549105,0
10104,2016-10-03,2016-10-10,-0.0020553642865982855,-0.0020553642865982855,0.009127232077865508,0
10104,2016-10-10,2016-10-17,-0.0020620928294514005,-0.0020620928294514005,0.008962381579268309,0
10104,2016-10-17,2016-10-24,-0.0020057171322181025,-0.0020057171322181025,0.00906015674124653,0
10104,2016-10-24,2016-10-31,-0.0012617254633595714,-0.0012617254633595714,0.008817650152808382,0
10104,2016-10-31,2016-11-07,-9.137730047183837e-4,-9.137730047183837e-4,0.009461530578754278,0
10104,2016-11-07,2016-11-14,-3.0726113338654516e-4,-3.0726113338654516e-4,0.010009703471847821,0
10104,2016-11-14,2016-11-21,7.235396905109364e-4,7.235396905109364e-4,0.008435446846902193,0
10104,2016-11-21,2016-11-28,-3.652542742213789e-4,-3.652542742213789e-4,0.010492364936103137,0
10104,2016-11-28,2016-12-05,0.0012145101856792296,0.0012145101856792296,0.012432847157412849,0
10104,2016-12-05,2016-12-12,2.1465506434330153e-4,2.1465506434330153e-4,0.012501857820146881,0
10104,2016-12-12,2016-12-19,-6.163857928206028e-4,-6.163857928206028e-4,0.012822080665183743,0
10104,2016-12-19,2016-12-26,-9.308314741206193e-5,-9.308314741206193e-5,0.012630778646818365,0
10104,2016-12-26,2017-01-02,3.4352182672994563e-4,3.4352182672994563e-4,0.012863224297403232,0
10104,2017-01-02,2017-01-09,2.3691788345509002e-4,2.3691788345509002e-4,0.013046834314133593,0
10104,2017-01-09,2017-01-16,0.0011328641782967037,0.0011328641782967037,0.01320304568193334,0
10104,2017-01-16,2017-01-23,-7.857170376367401e-5,-7.857170376367401e-5,0.012490043171121472,0
10104,2017-01-23,2017-01-30,7.899660393387862e-5,7.899660393387862e-5,0.01253856312514845,0
10104,2017-01-30,2017-02-06,-3.582498893621388e-4,-3.582498893621388e-4,0.012168466817076723,0
10104,2017-02-06,2017-02-13,0.0012302533949040497,0.0012302533949040497,0.012667914920158133,0
10104,2017-02-13,2017-02-20,0.002142444406225814,0.002142444406225814,0.012480081408272312,0
10104,2017-02-20,2017-02-27,0.0016987649873031322,0.0016987649873031322,0.012554608853213477,0
10104,2017-02-27,2017-03-06,0.0017234000481074,0.0017234000481074,0.012448598570409967,0
10104,2017-03-06,2017-03-13,0.003864208732054319,0.003864208732054319,0.014800274583354367,0
10104,2017-03-13,2017-03-20,0.0031752642735728273,0.0031752642735728273,0.014837459968496551,0
10104,2017-03-20,2017-03-27,0.0031534767126295627,0.0031534767126295627,0.014680213410303048,0
10104,2017-03-27,2017-04-03,0.0039002113011127474,0.0039002113011127474,0.014224401824019017,0
10104,2017-04-03,2017-04-10,0.004023478035886472,0.003323031205307055,0.00676499677572459,11
10104,2017-04-10,2017-04-17,0.0048095357921746984,0.0048095357921746984,0.01364076934901438,0
10104,2017-04-17,2017-04-24,0.007557599041917844,0.004340649769417514,0.008358988827000764,4
10104,2017-04-24,2017-05-01,0.005980788752523839,0.005980788752523839,0.014602996793347825,0
10104,2017-05-01,2017-05-08,0.006653068693627013,0.007056820032218147,0.013238574860014882,3
10104,2017-05-08,2017-05-15,0.005720721745631614,0.005720721745631614,0.015251495065088706,0
10104,2017-05-15,2017-05-22,0.006224408444228588,0.006224408444228588,0.015455308539390734,0
10104,2017-05-22,2017-05-29,0.0064229329462987365,0.0064229329462987365,0.014452226985316254,0
10104,2017-05-29,2017-06-05,0.0049441878821890745,0.0049441878821890745,0.014318951298082526,0
10104,2017-06-05,2017-06-12,0.004642174920672102,0.004642174920672102,0.013796893899813157,0
10104,2017-06-12,2017-06-19,0.008631366626300147,0.008631366626300147,0.023081987450581588,0
10104,2017-06-19,2017-06-26,0.009566591477477047,0.009566591477477047,0.022693631397029523,0
10104,2017-06-26,2017-07-03,0.007292511921260144,0.007292511921260144,0.02291583311738518,0
10104,2017-07-03,2017-07-10,0.009277964538332632,0.009277964538332632,0.02183227635948715,0
10104,2017-07-10,2017-07-17,0.009835118886861137,0.009835118886861137,0.021590572512542084,0
10104,2017-07-17,2017-07-24,0.009790706297493857,0.009790706297493857,0.021944378462025665,0
10104,2017-07-24,2017-07-31,0.009435637246512365,0.009435637246512365,0.02215215931042527,0
10104,2017-07-31,2017-08-07,0.007585867333270355,0.007585867333270355,0.02210210815059807,0
10104,2017-08-07,2017-08-14,0.007330548540516709,0.007330548540516709,0.022454352408771232,0
10104,2017-08-14,2017-08-21,0.007454604084953838,0.007454604084953838,0.022496981477481144,0
10104,2017-08-21,2017-08-28,0.0082230946760167,0.0082230946760167,0.02280684733357677,0
10104,2017-08-28,2017-09-04,0.00855844910337102,0.00855844910337102,0.022448424208791146,0
10104,2017-09-04,2017-09-11,0.005685223974293419,0.005685223974293419,0.020383921292630138,0
10104,2017-09-11,2017-09-18,0.0044088777223221095,0.0044088777223221095,0.021420188181927594,0
10104,2017-09-18,2017-09-25,0.004911030581474141,0.004911030581474141,0.02088384031132286,0
10104,2017-09-25,2017-10-02,0.004953298156866667,0.004953298156866667,0.022241650224647136,0
10104,2017-10-02,2017-10-09,0.00290248837002608,0.00290248837002608,0.021317152221118,0
10104,2017-10-09,2017-10-16,0.004078721036846252,0.004078721036846252,0.020498483926314023,0
10104,2017-10-16,2017-10-23,0.005211767161787265,0.005211767161787265,0.020598535099740998,0
10104,2017-10-23,2017-10-30,0.004992272842442439,0.004992272842442439,0.02033573434860073,0
10104,2017-10-30,2017-11-06,0.004496265196261376,0.004496265196261376,0.02068231637373919,0
10104,2017-11-06,2017-11-13,0.00391364414137794,0.00391364414137794,0.02084997666793646,0
10104,2017-11-13,2017-11-20,0.003563694875103769,0.003563694875103769,0.020429876884398474,0
10104,2017-11-20,2017-11-27,0.0035121064349865573,0.0035121064349865573,0.020453689220820477,0
10104,2017-11-27,2017-12-04,0.0038710340780462645,0.0038710340780462645,0.0194422209768481,0
10104,2017-12-04,2017-12-11,0.0035667388184078734,0.0035667388184078734,0.019838936611162594,0
10104,2017-12-11,2017-12-18,0.0022033817583165726,0.0022033817583165726,0.019657873270068873,0
10104,2017-12-18,2017-12-25,0.001852444708593211,0.001852444708593211,0.019449817646136118,0
10104,2017-12-25,2018-01-01,0.0031513616190843433,0.0031513616190843433,0.019571994000380784,0
10104,2018-01-01,2018-01-08,0.003953967727165534,0.003953967727165534,0.02224299412865536,0
10104,2018-01-08,2018-01-15,3.422937454706784e-4,3.422937454706784e-4,0.013224643679771513,0
10104,2018-01-15,2018-01-22,0.02282422592635816,0.01296462521101487,0.00602080788725999,7
10104,2018-01-22,2018-01-29,0.001171828119472784,0.001171828119472784,0.013924204579203925,0
10104,2018-01-29,2018-02-05,-0.0012413056216928789,-0.0012413056216928789,0.01379802258766423,0
10104,2018-02-05,2018-02-12,5.55487998419161e-4,5.55487998419161e-4,0.015074578585717447,0
10104,2018-02-12,2018-02-19,7.455370891813547e-4,7.455370891813547e-4,0.014171168935488285,0
10104,2018-02-19,2018-02-26,8.520348532500459e-4,8.520348532500459e-4,0.014486040474299243,0
10104,2018-02-26,2018-03-05,0.003755049133700605,0.003755049133700605,0.01619273226521418,0
10104,2018-03-05,2018-03-12,0.0030520015536624387,0.0030520015536624387,0.0163937916359173,0
10104,2018-03-12,2018-03-19,-0.0021431494107695737,-0.0021431494107695737,0.025684431721530204,0
10104,2018-03-19,2018-03-26,-0.0023628902509209085,-0.0023628902509209085,0.02847755542518366,0
10104,2018-03-26,2018-04-02,-0.0036653579230054066,-0.0036653579230054066,0.026783537752040825,0
10104,2018-04-02,2018-04-09,-9.005648307249176e-4,-9.005648307249176e-4,0.0271800234442011,0
10104,2018-04-09,2018-04-16,-2.5747283623185364e-4,-2.5747283623185364e-4,0.0264451259753361,0
10104,2018-04-16,2018-04-23,-8.937120877507351e-4,-8.937120877507351e-4,0.026692981582743348,0
10104,2018-04-23,2018-04-30,-7.964107422300209e-4,-7.964107422300209e-4,0.026661540886703458,0
10104,2018-04-30,2018-05-07,-2.6353599519408953e-4,-2.6353599519408953e-4,0.026734721405696348,0
10104,2018-05-07,2018-05-14,-0.0010584183913803628,-0.0010584183913803628,0.026594820967387637,0
10104,2018-05-14,2018-05-21,-0.001672255661450235,-0.001672255661450235,0.023986778749103994,0
10104,2018-05-21,2018-05-28,-9.654423173418251e-4,-9.654423173418251e-4,0.024192650804896756,0
10104,2018-05-28,2018-06-04,1.901291687947497e-4,1.901291687947497e-4,0.024543511177067826,0
10104,2018-06-04,2018-06-11,-8.675169181138979e-4,-8.675169181138979e-4,0.025549572585363695,0
10104,2018-06-11,2018-06-18,-0.0024853265325720524,-0.0024853265325720524,0.025418765685911893,0
10104,2018-06-18,2018-06-25,-0.0029236593252680797,-0.0029236593252680797,0.02526920377522279,0
10104,2018-06-25,2018-07-02,-0.001449244913110618,-0.001449244913110618,0.02514730875688234,0
10104,2018-07-02,2018-07-09,0.0013302368115955194,0.0013302368115955194,0.02583529997160526,0
10104,2018-07-09,2018-07-16,0.0020339571909265934,0.0020339571909265934,0.025550302905816585,0
10104,2018-07-16,2018-07-23,0.002165832294376253,0.002165832294376253,0.025483911500755175,0
10104,2018-07-23,2018-07-30,0.0012172147347928107,0.0012172147347928107,0.02540988658393879,0
10104,2018-07-30,2018-08-06,2.6702131843110754e-4,2.6702131843110754e-4,0.025333121148771166,0
10104,2018-08-06,2018-08-13,-4.257854342276778e-4,-4.257854342276778e-4,0.02536288457990017,0
10104,2018-08-13,2018-08-20,-0.0012354621599625654,-0.0012354621599625654,0.025296752364088276,0
10104,2018-08-20,2018-08-27,-3.9997990860975684e-5,-3.9997990860975684e-5,0.025368732190318072,0
10104,2018-08-27,2018-09-03,0.0010275053759885712,0.0010275053759885712,0.023880053973339258,0
10104,2018-09-03,2018-09-10,-4.971393424127229e-5,-4.971393424127229e-5,0.023124769545790992,0
10104,2018-09-10,2018-09-17,0.0013404546017702036,0.0013404546017702036,0.02366145550171445,0
10104,2018-09-17,2018-09-24,0.0017593803637743557,0.0017593803637743557,0.02385410059866052,0
10104,2018-09-24,2018-10-01,-0.0014248177242582333,-0.0014248177242582333,0.02272390562109627,0
10104,2018-10-01,2018-10-08,-0.002314979141196692,-0.002314979141196692,0.022710314020345984,0
10104,2018-10-08,2018-10-15,0.007114724722212782,0.0036353161627414544,0.0028348374195306426,22
10104,2018-10-15,2018-10-22,8.635404442173913e-4,0.0011808706147062543,0.012350623268788299,1
10104,2018-10-22,2018-10-29,0.008310401043819204,0.002091017199107137,0.011864833749738872,3
10104,2018-10-29,2018-11-05,0.025919132770481315,8.484724063798146e-4,0.004897244827629831,15
10104,2018-11-05,2018-11-12,0.0030173150293283293,0.003578812492051945,0.013297669981959035,1
10104,2018-11-12,2018-11-19,-0.024536934720160938,0.00805296896358041,0.007766083856851488,10
10104,2018-11-19,2018-11-26,0.0027812160488642846,0.0027812160488642846,0.016475934342608356,0
10104,2018-11-26,2018-12-03,8.495621599110452e-5,8.495621599110452e-5,0.01708997775920763,0
10104,2018-12-03,2018-12-10,8.757179758248144e-4,8.757179758248144e-4,0.017204098006345418,0
10104,2018-12-10,2018-12-17,-0.025928275297074782,0.00414446602182757,0.00944200311265419,8
10104,2018-12-17,2018-12-24,-0.001100468180653502,-0.001100468180653502,0.019994305596731248,0
10104,2018-12-24,2018-12-31,-2.7913508218047056e-4,-2.7913508218047056e-4,0.020139115627835266,0
10104,2018-12-31,2019-01-07,0.005740371252957916,0.001633341053739216,0.016828388502581667,3
10104,2019-01-07,2019-01-14,0.004543046844192167,0.004543046844192167,0.020291547855353573,0
10104,2019-01-14,2019-01-21,0.004931845980286676,0.004931845980286676,0.019929235915923913,0
10104,2019-01-21,2019-01-28,0.00414021039039011,0.00414021039039011,0.0186525140925281,0
10104,2019-01-28,2019-02-04,0.0023786939065733887,0.0023786939065733887,0.016103828589818615,0
10104,2019-02-04,2019-02-11,0.0027744116599836698,0.0027744116599836698,0.01598150243049286,0
10104,2019-02-11,2019-02-18,0.003188649333648355,0.003188649333648355,0.01608595422383091,0
10104,2019-02-18,2019-02-25,0.0033173447243877267,0.0033173447243877267,0.016116974009395168,0
10104,2019-02-25,2019-03-04,0.003585547582240215,0.003585547582240215,0.01591075091386037,0
10104,2019-03-04,2019-03-11,0.0036653191794783916,0.0036653191794783916,0.015891197068345318,0
10104,2019-03-11,2019-03-18,0.002937895963693442,0.002937895963693442,0.015987074562441275,0
10104,2019-03-18,2019-03-25,0.003991838531290267,0.003991838531290267,0.0162552885438474,0
10104,2019-03-25,2019-04-01,0.004656712145161075,0.004656712145161075,0.016037016090729897,0
10104,2019-04-01,2019-04-08,0.004154866346161101,0.004154866346161101,0.015864704312704103,0
10104,2019-04-08,2019-04-15,0.002914949342988818,0.002914949342988818,0.017143534599412733,0
10104,2019-04-15,2019-04-22,0.0031589785066854833,0.0031589785066854833,0.017185497774389224,0
10104,2019-04-22,2019-04-29,0.004214755965023898,0.004214755965023898,0.015190463081854604,0
10104,2019-04-29,2019-05-06,0.00546019824152677,0.00546019824152677,0.014622198076602703,0
10104,2019-05-06,2019-05-13,0.005085948324133689,0.005085948324133689,0.014693538487245346,0
10104,2019-05-13,2019-05-20,0.004216953068971089,0.004216953068971089,0.015305526127676689,0
10104,2019-05-20,2019-05-27,0.0017825677448274453,0.0017825677448274453,0.014829517263214064,0
10104,2019-05-27,2019-06-03,0.002319776960802925,0.002319776960802925,0.01574644179697511,0
10104,2019-06-03,2019-06-10,0.0019634679851750934,0.0019634679851750934,0.01578877078484216,0
10104,2019-06-10,2019-06-17,0.005349300817244876,0.005349300817244876,0.016602176033575583,0
10104,2019-06-17,2019-06-24,0.010434174883775448,0.017019248585255924,0.010824953861597295,7
10104,2019-06-24,2019-07-01,0.009051528547809388,0.009051528547809388,0.01538209301925501,0
10104,2019-07-01,2019-07-08,0.008914744699647193,0.008914744699647193,0.01536658525096441,0
10104,2019-07-08,2019-07-15,0.009640777814959513,0.009640777814959513,0.01339989581821274,0
10104,2019-07-15,2019-07-22,0.009575756280593595,0.009575756280593595,0.01485679014840853,0
10104,2019-07-22,2019-07-29,-0.022435826944347478,0.018670306562570405,0.004116382784446856,12
10104,2019-07-29,2019-08-05,0.004368887342545405,0.004368887342545405,0.016312060123260533,0
10104,2019-08-05,2019-08-12,0.003367134638177985,0.003367134638177985,0.015970297959295925,0
10104,2019-08-12,2019-08-19,0.0017583590499642638,0.0017583590499642638,0.01652211440220378,0
10104,2019-08-19,2019-08-26,0.006509189878031646,2.8773954157170867e-4,0.009121176903339686,6
10104,2019-08-26,2019-09-02,0.0019524281161909175,0.0019524281161909175,0.016065045745823032,0
10104,2019-09-02,2019-09-09,0.001871667369993083,0.001871667369993083,0.016298165955437913,0
10104,2019-09-09,2019-09-16,0.0012082410190737782,0.0012082410190737782,0.0157838786042846,0
10104,2019-09-16,2019-09-23,0.0015757152268004856,0.0015757152268004856,0.015033406269012404,0
10104,2019-09-23,2019-09-30,0.009718902036087308,0.01570503571673604,0.006456555412988617,10
10104,2019-09-30,2019-10-07,0.003159643234441567,0.003159643234441567,0.014514770848755363,0
10104,2019-10-07,2019-10-14,0.001895647071933574,0.001895647071933574,0.015512113786443443,0
10104,2019-10-14,2019-10-21,0.0010696276478705845,0.0010696276478705845,0.015734902429988835,0
10104,2019-10-21,2019-10-28,0.0014437904131883277,0.0014437904131883277,0.01616101327130968,0
10104,2019-10-28,2019-11-04,0.00184470443334019,0.00184470443334019,0.015527568763323065,0
10104,2019-11-04,2019-11-11,0.0017911500962949642,0.0017911500962949642,0.015633750547735366,0
10104,2019-11-11,2019-11-18,0.0012292885662239842,0.0012292885662239842,0.015565743601634492,0
10104,2019-11-18,2019-11-25,0.0014545241270273817,0.0014545241270273817,0.015441369253289993,0
10104,2019-11-25,2019-12-02,7.61881695000321e-4,7.61881695000321e-4,0.015360963271096368,0
10104,2019-12-02,2019-12-09,6.588069643282952e-4,6.588069643282952e-4,0.015390529132197465,0
10104,2019-12-09,2019-12-16,0.0011604868722490847,0.0011604868722490847,0.014510008296384531,0
10104,2019-12-16,2019-12-23,0.002444158812598703,0.002444158812598703,0.012696380899811302,0
10104,2019-12-23,2019-12-30,8.789215966801115e-4,8.789215966801115e-4,0.015638477004327307,0
10104,2019-12-30,2020-01-06,0.0014439206407152643,0.0014439206407152643,0.015542436108044932,0
10104,2020-01-06,2020-01-13,8.344076736563886e-5,8.344076736563886e-5,0.013168870342255917,0
10104,2020-01-13,2020-01-20,-0.0010623506221245638,-0.0010623506221245638,0.013197773814291372,0
10104,2020-01-20,2020-01-27,-0.0034125821730178413,-0.0034125821730178413,0.013048639927890394,0
10104,2020-01-27,2020-02-03,-0.0022679431105090218,-0.0022679431105090218,0.013033504666237254,0
10104,2020-02-03,2020-02-10,-6.77246899736464e-4,-6.77246899736464e-4,0.012401993777147118,0
10104,2020-02-10,2020-02-17,-0.0017081262097429547,-0.0017081262097429547,0.011997041693073519,0
10104,2020-02-17,2020-02-24,-0.0033746474471439483,-0.0033746474471439483,0.018836013096684416,0
10104,2020-02-24,2020-03-02,-0.0036250957903302752,-0.0036250957903302752,0.01795883300896824,0
10104,2020-03-02,2020-03-09,-0.0030393347121886937,-0.0030393347121886937,0.01795153494088826,0
10104,2020-03-09,2020-03-16,-0.003374777567745849,-0.003374777567745849,0.016938255840938117,0
10104,2020-03-16,2020-03-23,-6.327232073955165e-4,-6.327232073955165e-4,0.02334495081474124,0
10104,2020-03-23,2020-03-30,-0.0016246509090067007,-0.0016246509090067007,0.019948248924443676,0
10107,2016-08-01,2016-08-08,0.00522112022712448,0.00522112022712448,0.01668049168213549,0
10107,2016-08-08,2016-08-15,0.004394947126098322,0.004394947126098322,0.016288258096165412,0
10107,2016-08-15,2016-08-22,0.0028472125048799968,0.0028472125048799968,0.01604382248086374,0
10107,2016-08-22,2016-08-29,0.005623414313781065,0.005623414313781065,0.012568751103568605,0
10107,2016-08-29,2016-09-05,0.004553582681813258,0.004553582681813258,0.013095329155450195,0
10107,2016-09-05,2016-09-12,0.004058004503727264,0.004058004503727264,0.014151984953626167,0
10107,2016-09-12,2016-09-19,0.004497266325849958,0.004497266325849958,0.01333103839120791,0
10107,2016-09-19,2016-09-26,0.004121549675850874,0.004121549675850874,0.013211532007915298,0
10107,2016-09-26,2016-10-03,0.0035709787527122287,0.0035709787527122287,0.013463366774108722,0
10107,2016-10-03,2016-10-10,0.003088006446155323,0.003088006446155323,0.013575176809529363,0
10107,2016-10-10,2016-10-17,0.003939673471675624,0.003939673471675624,0.014693753197071138,0
10107,2016-10-17,2016-10-24,0.003220693724733311,0.003220693724733311,0.013930787017166924,0
10107,2016-10-24,2016-10-31,0.0032646351907977744,0.0032646351907977744,0.013517940527424173,0
10107,2016-10-31,2016-11-07,0.002687230242033404,0.002687230242033404,0.013193719372771409,0
10107,2016-11-07,2016-11-14,0.005982301368301798,0.005982301368301798,0.011125063111916248,0
10107,2016-11-14,2016-11-21,0.007311257687300895,0.007311257687300895,0.010164509362675015,0
10107,2016-11-21,2016-11-28,0.006258779079780742,0.006258779079780742,0.010570520739413149,0
10107,2016-11-28,2016-12-05,0.007332531228113372,0.007332531228113372,0.011534498904808548,0
10107,2016-12-05,2016-12-12,0.007574821742008761,0.007574821742008761,0.011795797477067228,0
10107,2016-12-12,2016-12-19,0.006958322825879763,0.006958322825879763,0.011241539374603031,0
10107,2016-12-19,2016-12-26,0.006716144178743473,0.006716144178743473,0.011395208909340027,0
10107,2016-12-26,2017-01-02,0.007291223076814905,0.007291223076814905,0.011547459425701992,0
10107,2017-01-02,2017-01-09,0.008091133720795866,0.008091133720795866,0.009955541337666522,0
10107,2017-01-09,2017-01-16,0.008311869633678026,0.008311869633678026,0.00952654248716441,0
10107,2017-01-16,2017-01-23,0.009037336267076219,0.009037336267076219,0.01033944151540899,0
10107,2017-01-23,2017-01-30,0.007230393282917924,0.007230393282917924,0.010208406567452026,0
10107,2017-01-30,2017-02-06,0.006505591295520256,0.006505591295520256,0.010218462174237134,0
10107,2017-02-06,2017-02-13,0.005250290647096168,0.005250290647096168,0.010864644463148759,0
10107,2017-02-13,2017-02-20,0.005185445093745678,0.005185445093745678,0.010881739747756866,0
10107,2017-02-20,2017-02-27,0.004241831522255764,0.004241831522255764,0.010772964265603152,0
10107,2017-02-27,2017-03-06,0.004606127937801944,0.004606127937801944,0.010671939505120206,0
10107,2017-03-06,2017-03-13,0.0045516782632447446,0.0045516782632447446,0.01073121226409416,0
10107,2017-03-13,2017-03-20,0.004371071862251604,0.004371071862251604,0.010769812443792891,0
10107,2017-03-20,2017-03-27,0.005029339646544189,0.005029339646544189,0.012199615279763754,0
10107,2017-03-27,2017-04-03,0.005782095873054309,0.005782095873054309,0.010948759865225324,0
10107,2017-04-03,2017-04-10,0.00479486898043947,0.00479486898043947,0.010784311876890522,0
10107,2017-04-10,2017-04-17,0.00543424637474118,0.00543424637474118,0.011175481233992007,0
10107,2017-04-17,2017-04-24,0.006369748498752199,0.006369748498752199,0.010635605984376543,0
10107,2017-04-24,2017-05-01,0.006516912198615465,0.006516912198615465,0.010645716000897846,0
10107,2017-05-01,2017-05-08,0.006436549335989927,0.006436549335989927,0.010642951389899206,0
10107,2017-05-08,2017-05-15,0.00498523770127699,0.00498523770127699,0.009468341138588169,0
10107,2017-05-15,2017-05-22,0.0059857703185252735,0.0059857703185252735,0.009242027371048638,0
10107,2017-05-22,2017-05-29,0.007489271679878203,0.007489271679878203,0.009133086402208597,0
10107,2017-05-29,2017-06-05,0.006644333237707427,0.006644333237707427,0.009529766824361807,0
10107,2017-06-05,2017-06-12,0.005515664666836222,0.005515664666836222,0.010116220661721069,0
10107,2017-06-12,2017-06-19,0.005992435002563239,0.005992435002563239,0.010656944274408416,0
10107,2017-06-19,2017-06-26,0.005630062882622071,0.005630062882622071,0.010639711054997782,0
10107,2017-06-26,2017-07-03,0.004356131054502896,0.004356131054502896,0.0103703658617139,0
10107,2017-07-03,2017-07-10,0.005771846628041862,0.005771846628041862,0.01054835680409998,0
10107,2017-07-10,2017-07-17,0.0057314571469904785,0.0057314571469904785,0.01148109509611626,0
10107,2017-07-17,2017-07-24,0.005972492540915994,0.005972492540915994,0.01243863732066369,0
10107,2017-07-24,2017-07-31,0.005432677651501964,0.005432677651501964,0.012133166774245542,0
10107,2017-07-31,2017-08-07,0.005424423415753017,0.005424423415753017,0.011235278660475247,0
10107,2017-08-07,2017-08-14,0.00557607032770477,0.00557607032770477,0.010447589772466896,0
10107,2017-08-14,2017-08-21,0.004112673875285951,0.004112673875285951,0.009111127236961737,0
10107,2017-08-21,2017-08-28,0.005689539315577115,0.005689539315577115,0.00951968895464612,0
10107,2017-08-28,2017-09-04,0.005540061006224569,0.005540061006224569,0.010293066611846051,0
10107,2017-09-04,2017-09-11,0.005613110798276581,0.005613110798276581,0.009986196048253931,0
10107,2017-09-11,2017-09-18,0.005214738906292127,0.005214738906292127,0.009362918279872979,0
10107,2017-09-18,2017-09-25,0.005441406248266115,0.005441406248266115,0.009210663754266834,0
10107,2017-09-25,2017-10-02,0.0057643195724576355,0.0057643195724576355,0.009515415747368493,0
10107,2017-10-02,2017-10-09,0.006448639025788349,0.006448639025788349,0.009849946119612756,0
10107,2017-10-09,2017-10-16,0.006959925831050253,0.006959925831050253,0.009383132661561518,0
10107,2017-10-16,2017-10-23,0.008623257174082074,0.008623257174082074,0.012880641206250475,0
10107,2017-10-23,2017-10-30,0.008845640653159632,0.008845640653159632,0.012739785082062437,0
10107,2017-10-30,2017-11-06,0.009109175991794087,0.009109175991794087,0.012868478559481538,0
10107,2017-11-06,2017-11-13,0.007946556746412281,0.007946556746412281,0.013073750076606647,0
10107,2017-11-13,2017-11-20,0.007260342034597856,0.007260342034597856,0.013205778753109958,0
10107,2017-11-20,2017-11-27,0.007397765714623706,0.007397765714623706,0.013000265917440669,0
10107,2017-11-27,2017-12-04,0.007657754555110337,0.007657754555110337,0.01302152583414647,0
10107,2017-12-04,2017-12-11,0.008874142766808538,0.008874142766808538,0.012751388571283155,0
10107,2017-12-11,2017-12-18,0.007241986202618456,0.007241986202618456,0.013175456059658646,0
10107,2017-12-18,2017-12-25,0.006396070680391063,0.006396070680391063,0.012738341801509099,0
10107,2017-12-25,2018-01-01,0.00809765202002708,0.00809765202002708,0.011677504364068704,0
10107,2018-01-01,2018-01-08,0.008782238748920113,0.008782238748920113,0.011334158993421403,0
10107,2018-01-08,2018-01-15,0.008354831732419542,0.008354831732419542,0.011286748802163111,0
10107,2018-01-15,2018-01-22,0.010925769233231231,0.010925769233231231,0.010471796055866879,0
10107,2018-01-22,2018-01-29,0.009861521441723328,0.009861521441723328,0.011127759151976386,0
10107,2018-01-29,2018-02-05,0.006960799384669015,0.006960799384669015,0.012369892148612486,0
10107,2018-02-05,2018-02-12,0.008103080370956563,0.008103080370956563,0.012110458631175647,0
10107,2018-02-12,2018-02-19,0.009188256670585938,0.009188256670585938,0.01232165441352327,0
10107,2018-02-19,2018-02-26,0.008994612738426352,0.008994612738426352,0.012792616990193914,0
10107,2018-02-26,2018-03-05,0.010327422435265073,0.010327422435265073,0.013605499262399045,0
10107,2018-03-05,2018-03-12,0.00948461997362507,0.00948461997362507,0.014159902715851583,0
10107,2018-03-12,2018-03-19,0.004661336995419745,0.006479797699180754,0.018897845272390107,1
10107,2018-03-19,2018-03-26,0.007769485529418696,0.007769485529418696,0.019191750909948305,0
10107,2018-03-26,2018-04-02,0.007371653441473402,0.007371653441473402,0.01947790883901809,0
10107,2018-04-02,2018-04-09,0.007825278178923168,0.007825278178923168,0.019713337563602995,0
10107,2018-04-09,2018-04-16,0.0089112068688266,0.0089112068688266,0.01970906070269342,0
10107,2018-04-16,2018-04-23,0.009163117280275208,0.009163117280275208,0.01955752872528454,0
10107,2018-04-23,2018-04-30,0.011314886673260471,0.011104792509922265,0.013694796831673073,2
10107,2018-04-30,2018-05-07,0.019571114867499018,0.019438578367919727,0.004970217837366546,13
10107,2018-05-07,2018-05-14,-0.0067224337890268125,0.019548927819457503,0.006286026234293699,11
10107,2018-05-14,2018-05-21,0.006188153795534624,0.006188153795534624,0.01643420085998242,0
10107,2018-05-21,2018-05-28,0.006880390836275353,0.006880390836275353,0.01620726018633004,0
10107,2018-05-28,2018-06-04,0.007265199858261229,0.007265199858261229,0.01659733463135765,0
10107,2018-06-04,2018-06-11,0.007191680391227902,0.007191680391227902,0.01726216505948912,0
10107,2018-06-11,2018-06-18,0.0069369831510459135,0.0069369831510459135,0.01696689045458027,0
10107,2018-06-18,2018-06-25,0.00593910003613782,0.00593910003613782,0.017531871963745085,0
10107,2018-06-25,2018-07-02,0.00684062164604367,0.00684062164604367,0.017561895376268545,0
10107,2018-07-02,2018-07-09,0.007182190644358911,0.007182190644358911,0.01650344820054973,0
10107,2018-07-09,2018-07-16,0.007962089879030083,0.007962089879030083,0.01656283504446458,0
10107,2018-07-16,2018-07-23,0.008392635483844446,0.008392635483844446,0.016520719747560673,0
10107,2018-07-23,2018-07-30,0.007471434763737597,0.007471434763737597,0.016582509573106374,0
10107,2018-07-30,2018-08-06,0.007234715542812494,0.007234715542812494,0.016507955852954222,0
10107,2018-08-06,2018-08-13,0.0067800175805281596,0.0067800175805281596,0.01633763930723335,0
10107,2018-08-13,2018-08-20,0.005530408580252273,0.005530408580252273,0.017140429566397945,0
10107,2018-08-20,2018-08-27,0.007546852045757136,0.007546852045757136,0.017841099153554498,0
10107,2018-08-27,2018-09-03,0.007631725025036866,0.007631725025036866,0.018907873273807524,0
10107,2018-09-03,2018-09-10,0.007616364656074024,0.007616364656074024,0.018397671617529764,0
10107,2018-09-10,2018-09-17,0.007131709553842212,0.007131709553842212,0.01802723041958356,0
10107,2018-09-17,2018-09-24,0.007521699586263035,0.007521699586263035,0.017732550226193498,0
10107,2018-09-24,2018-10-01,0.005618563393373681,0.005618563393373681,0.017812118282834247,0
10107,2018-10-01,2018-10-08,0.005527444004540024,0.005527444004540024,0.01802747336608602,0
10107,2018-10-08,2018-10-15,0.007062500606128458,0.01026744639237268,0.011443796415161649,2
10107,2018-10-15,2018-10-22,0.0010819309955784058,0.007279840409248209,0.010419276718461941,3
10107,2018-10-22,2018-10-29,0.005910355880821672,0.005910355880821672,0.013212734660063372,0
10107,2018-10-29,2018-11-05,0.00592815811827682,0.00592815811827682,0.012430263801405985,0
10107,2018-11-05,2018-11-12,0.0034948818592344237,0.0014406490651227735,0.010234893826561264,3
10107,2018-11-12,2018-11-19,0.0031010692989738645,0.0031010692989738645,0.013512963969227125,0
10107,2018-11-19,2018-11-26,0.005859680607429011,0.005859680607429011,0.0144330549838222,0
10107,2018-11-26,2018-12-03,0.0031453683051035977,0.0031453683051035977,0.014501886290186297,0
10107,2018-12-03,2018-12-10,0.0038452310320240242,0.0038452310320240242,0.01320054466052801,0
10107,2018-12-10,2018-12-17,7.013202768478199e-4,7.013202768478199e-4,0.016456567512741906,0
10107,2018-12-17,2018-12-24,6.107899054964006e-4,6.107899054964006e-4,0.016666256957635423,0
10107,2018-12-24,2018-12-31,8.442929284429128e-4,8.442929284429128e-4,0.017013283145933127,0
10107,2018-12-31,2019-01-07,0.0016207842590091068,0.0016207842590091068,0.017006905354664186,0
10107,2019-01-07,2019-01-14,0.0031196021256096325,0.0031196021256096325,0.016042568858415575,0
10107,2019-01-14,2019-01-21,0.003550057406809903,0.003550057406809903,0.015295476989719189,0
10107,2019-01-21,2019-01-28,0.0013226543494796275,0.0013226543494796275,0.015506576098786558,0
10107,2019-01-28,2019-02-04,8.529153170486413e-4,8.529153170486413e-4,0.014917626600403595,0
10107,2019-02-04,2019-02-11,0.0013917365274302277,0.0013917365274302277,0.01460183348743802,0
10107,2019-02-11,2019-02-18,0.0019432484447252018,0.0019432484447252018,0.014856059172147539,0
10107,2019-02-18,2019-02-25,0.002300392832584197,0.002300392832584197,0.015091341144917647,0
10107,2019-02-25,2019-03-04,0.0014058627834021933,0.0014058627834021933,0.01558701646145893,0
10107,2019-03-04,2019-03-11,0.0033405990353683156,0.0033405990353683156,0.016689739133414837,0
10107,2019-03-11,2019-03-18,0.003414347032431609,0.003414347032431609,0.017240060173767353,0
10107,2019-03-18,2019-03-25,0.0024593497443491713,0.0024593497443491713,0.016787381721060732,0
10107,2019-03-25,2019-04-01,0.004233025345970214,0.004233025345970214,0.017059408299168185,0
10107,2019-04-01,2019-04-08,0.002938246954274608,0.002938246954274608,0.017690793804365473,0
10107,2019-04-08,2019-04-15,0.0033434945777004042,0.0033434945777004042,0.017560062440067102,0
10107,2019-04-15,2019-04-22,0.005073078079522326,0.005073078079522326,0.018940383658505387,0
10107,2019-04-22,2019-04-29,0.0054718825885821595,0.0054718825885821595,0.01856521487590953,0
10107,2019-04-29,2019-05-06,0.005775143024532766,0.005775143024532766,0.01790674018183894,0
10107,2019-05-06,2019-05-13,0.006421030569996174,0.006421030569996174,0.017641448346624244,0
10107,2019-05-13,2019-05-20,0.006466205887778079,0.006466205887778079,0.016859309599875152,0
10107,2019-05-20,2019-05-27,0.006039548492303685,0.006039548492303685,0.017932553341708755,0
10107,2019-05-27,2019-06-03,0.007049502471566642,0.007049502471566642,0.017131750597170408,0
10107,2019-06-03,2019-06-10,0.007560876851671176,0.007560876851671176,0.016964641973273492,0
10107,2019-06-10,2019-06-17,0.010305177963493239,0.010305177963493239,0.017412678951177724,0
10107,2019-06-17,2019-06-24,0.007043625741963577,0.007043625741963577,0.016814634726008228,0
10107,2019-06-24,2019-07-01,0.009639600657677938,0.009639600657677938,0.015681071333121115,0
10107,2019-07-01,2019-07-08,0.009702294720567226,0.009702294720567226,0.015686240023098708,0
10107,2019-07-08,2019-07-15,0.011607246710545294,0.011607246710545294,0.014593954678916525,0
10107,2019-07-15,2019-07-22,0.012025870080096117,0.012025870080096117,0.01487376661897424,0
10107,2019-07-22,2019-07-29,0.01046742895316844,0.01046742895316844,0.01475543258712422,0
10107,2019-07-29,2019-08-05,0.010380134111060188,0.010380134111060188,0.014819034909564235,0
10107,2019-08-05,2019-08-12,0.008518774088303357,0.008518774088303357,0.014749318402024073,0
10107,2019-08-12,2019-08-19,0.008014984950439197,0.008014984950439197,0.014833238150816292,0
10107,2019-08-19,2019-08-26,0.01049744861627236,0.01049744861627236,0.013246176558160634,0
10107,2019-08-26,2019-09-02,0.009860001149694497,0.009860001149694497,0.013071064489706356,0
10107,2019-09-02,2019-09-09,0.008629050315133995,0.008629050315133995,0.013253620182394982,0
10107,2019-09-09,2019-09-16,0.008149893488304995,0.008149893488304995,0.013665060329271731,0
10107,2019-09-16,2019-09-23,0.007272584254804171,0.007272584254804171,0.013749484927763792,0
10107,2019-09-23,2019-09-30,0.007965295922425857,0.007965295922425857,0.014515738370415348,0
10107,2019-09-30,2019-10-07,0.006961857648795917,0.007130080012321032,0.011231268885121645,4
10107,2019-10-07,2019-10-14,0.005843395513756199,0.005843395513756199,0.014756285685579029,0
10107,2019-10-14,2019-10-21,0.006395327240043209,0.006395327240043209,0.014530079611794866,0
10107,2019-10-21,2019-10-28,0.006552429841393692,0.006552429841393692,0.01429040380467821,0
10107,2019-10-28,2019-11-04,0.006777213021927816,0.006777213021927816,0.013040378339241345,0
10107,2019-11-04,2019-11-11,0.007026012841969121,0.007026012841969121,0.013371517195953593,0
10107,2019-11-11,2019-11-18,0.005293245908881557,0.005293245908881557,0.0125393954236147,0
10107,2019-11-18,2019-11-25,0.005946179999406813,0.005946179999406813,0.012330154382062277,0
10107,2019-11-25,2019-12-02,0.006485388562727797,0.006485388562727797,0.011908027226846637,0
10107,2019-12-02,2019-12-09,0.006726972100817152,0.006726972100817152,0.012333166735083327,0
10107,2019-12-09,2019-12-16,0.007824541868934571,0.007824541868934571,0.012097510214719564,0
10107,2019-12-16,2019-12-23,0.008828747775902944,0.008828747775902944,0.011726039479142263,0
10107,2019-12-23,2019-12-30,0.006676781907163545,0.006676781907163545,0.01053748158268174,0
10107,2019-12-30,2020-01-06,0.0069820284017538415,0.0069820284017538415,0.010443389193253477,0
10107,2020-01-06,2020-01-13,0.0070345177900563455,0.0070345177900563455,0.0102977745938337,0
10107,2020-01-13,2020-01-20,-0.001728597316369194,0.00855539391413809,0.006878493272977315,5
10107,2020-01-20,2020-01-27,0.007632947240036477,0.007632947240036477,0.011567239989214778,0
10107,2020-01-27,2020-02-03,0.009860329051896984,0.009860329051896984,0.014978464470865982,0
10107,2020-02-03,2020-02-10,0.01067214913388849,0.01067214913388849,0.014892309711711509,0
10107,2020-02-10,2020-02-17,0.008392281877138745,0.008392281877138745,0.014881816357761604,0
10107,2020-02-17,2020-02-24,0.006344758154038321,0.006344758154038321,0.01811514388620141,0
10107,2020-02-24,2020-03-02,0.006057043101851193,0.006057043101851193,0.017145277691328054,0
10107,2020-03-02,2020-03-09,0.005761071681225187,0.005761071681225187,0.016832075511243026,0
10107,2020-03-09,2020-03-16,0.0019240219825389063,0.0019240219825389063,0.02775020989359944,0
10107,2020-03-16,2020-03-23,0.003804159112424457,0.003804159112424457,0.03165239266913371,0
10107,2020-03-23,2020-03-30,0.004424009583295318,0.004424009583295318,0.02866733008349176,0
10138,2016-08-01,2016-08-08,0.0027777153025253408,0.0027777153025253408,0.015231393855135285,0
10138,2016-08-08,2016-08-15,0.001626142093321655,0.001626142093321655,0.015389303028163014,0
10138,2016-08-15,2016-08-22,-1.622536016855948e-4,-1.622536016855948e-4,0.013974439941052578,0
10138,2016-08-22,2016-08-29,0.0011485200660654926,0.0019164343583338538,0.013025132304989813,1
10138,2016-08-29,2016-09-05,7.797703304504139e-4,7.797703304504139e-4,0.01677553110794033,0
10138,2016-09-05,2016-09-12,1.7152241397645502e-4,1.7152241397645502e-4,0.016550670527806,0
10138,2016-09-12,2016-09-19,-7.918916466077377e-4,-7.918916466077377e-4,0.01651265120223389,0
10138,2016-09-19,2016-09-26,-0.001961571519331099,-0.001961571519331099,0.014722845918219167,0
10138,2016-09-26,2016-10-03,-0.0014574693820537305,-0.0073851152202232175,0.00808579972783411,8
10138,2016-10-03,2016-10-10,-0.0028651405654457006,-0.0028651405654457006,0.015333260424968246,0
10138,2016-10-10,2016-10-17,0.001037064055406435,-0.0015083112712684227,0.011099559361393813,3
10138,2016-10-17,2016-10-24,-0.0040203724349709945,-0.0040203724349709945,0.015857934350523028,0
10138,2016-10-24,2016-10-31,-0.00320750436482683,-0.00320750436482683,0.015572507807047466,0
10138,2016-10-31,2016-11-07,-0.0018450736976473375,-0.0018450736976473375,0.018974262818929628,0
10138,2016-11-07,2016-11-14,-8.981440134503236e-4,-8.981440134503236e-4,0.01887316859848307,0
10138,2016-11-14,2016-11-21,5.213288029485691e-4,5.213288029485691e-4,0.0184885269144604,0
10138,2016-11-21,2016-11-28,0.001080107360082553,0.001080107360082553,0.018486045903587697,0
10138,2016-11-28,2016-12-05,0.0020008700741061124,0.0020008700741061124,0.01846231344617462,0
10138,2016-12-05,2016-12-12,0.0019691817109207155,0.0019691817109207155,0.018694887540567515,0
10138,2016-12-12,2016-12-19,8.937657124985022e-4,8.937657124985022e-4,0.019595100571643275,0
10138,2016-12-19,2016-12-26,8.119565934613823e-4,8.119565934613823e-4,0.019562688103196963,0
10138,2016-12-26,2017-01-02,0.0023533885922126974,0.0023533885922126974,0.018836720742661895,0
10138,2017-01-02,2017-01-09,0.0019204959164551777,0.0019204959164551777,0.01893302613670975,0
10138,2017-01-09,2017-01-16,0.0027561832941818206,0.0027561832941818206,0.019028321226583964,0
10138,2017-01-16,2017-01-23,-5.053810184177756e-4,-5.053810184177756e-4,0.018749752254859305,0
10138,2017-01-23,2017-01-30,-0.0017271348728330614,-0.0017271348728330614,0.01916905744768467,0
10138,2017-01-30,2017-02-06,-0.0015368877954649615,-0.0015368877954649615,0.019796422207159933,0
10138,2017-02-06,2017-02-13,-4.837569531617623e-4,-4.837569531617623e-4,0.02001488026078538,0
10138,2017-02-13,2017-02-20,0.001457278226399879,0.001457278226399879,0.01909576382618158,0
10138,2017-02-20,2017-02-27,0.001561584024708954,0.001561584024708954,0.018459982115966337,0
10138,2017-02-27,2017-03-06,0.0021100220732658452,0.0021100220732658452,0.01810828956363778,0
10138,2017-03-06,2017-03-13,0.0013186188479162723,0.0013186188479162723,0.018375183215843863,0
10138,2017-03-13,2017-03-20,6.316881739171598e-4,6.316881739171598e-4,0.01873909638078081,0
10138,2017-03-20,2017-03-27,6.001963948996255e-4,6.001963948996255e-4,0.019003179974608066,0
10138,2017-03-27,2017-04-03,0.0022197164364906154,0.0022197164364906154,0.018200363321679146,0
10138,2017-04-03,2017-04-10,0.002449324625199275,0.002449324625199275,0.018177910627781572,0
10138,2017-04-10,2017-04-17,0.003722327565967724,0.003722327565967724,0.01784301400863722,0
10138,2017-04-17,2017-04-24,0.0030111640709005886,0.0030111640709005886,0.018318015026397037,0
10138,2017-04-24,2017-05-01,0.003445996786917323,0.003445996786917323,0.017643026659272226,0
10138,2017-05-01,2017-05-08,0.003489767956779773,0.003489767956779773,0.017572832741162853,0
10138,2017-05-08,2017-05-15,0.0031647242149978865,0.0031647242149978865,0.018125803755578002,0
10138,2017-05-15,2017-05-22,0.0037163068030854046,0.0037163068030854046,0.01770794955150027,0
10138,2017-05-22,2017-05-29,0.004747693534584215,0.004747693534584215,0.017660116865802773,0
10138,2017-05-29,2017-06-05,0.002000172534355231,0.002000172534355231,0.01233450498261287,0
10138,2017-06-05,2017-06-12,8.915723156911582e-4,8.915723156911582e-4,0.009962822008734305,0
10138,2017-06-12,2017-06-19,6.332945250118666e-4,6.332945250118666e-4,0.009963148858362423,0
10138,2017-06-19,2017-06-26,3.7548847443579273e-4,3.7548847443579273e-4,0.00966658411181466,0
10138,2017-06-26,2017-07-03,7.567187682914023e-4,7.567187682914023e-4,0.011273766621744372,0
10138,2017-07-03,2017-07-10,0.002232453216032001,0.002232453216032001,0.013499869377751071,0
10138,2017-07-10,2017-07-17,0.0025555919294137186,0.0025555919294137186,0.013562908623403975,0
10138,2017-07-17,2017-07-24,0.003761184772571747,0.003761184772571747,0.01286961786587995,0
10138,2017-07-24,2017-07-31,0.0037798217055011523,0.0037798217055011523,0.01271005472805604,0
10138,2017-07-31,2017-08-07,0.004635010130668386,0.004635010130668386,0.012429216939328245,0
10138,2017-08-07,2017-08-14,0.004428709102376605,0.004428709102376605,0.012373293530550876,0
10138,2017-08-14,2017-08-21,0.007026079910780322,0.007026079910780322,0.010301277843397752,0
10138,2017-08-21,2017-08-28,0.007984133603290585,0.007984133603290585,0.010489532988607513,0
10138,2017-08-28,2017-09-04,0.006301812220125199,0.006301812220125199,0.009729353928044932,0
10138,2017-09-04,2017-09-11,0.006769065514552974,0.006769065514552974,0.00968807349657984,0
10138,2017-09-11,2017-09-18,0.007145665737274008,0.007145665737274008,0.00980022752606314,0
10138,2017-09-18,2017-09-25,0.008964803475680305,0.008964803475680305,0.010576372187576845,0
10138,2017-09-25,2017-10-02,0.009339573341192259,0.009339573341192259,0.01031721876074323,0
10138,2017-10-02,2017-10-09,0.011179980190265417,0.011179980190265417,0.010127420482386401,0
10138,2017-10-09,2017-10-16,0.012589356686889056,0.012589356686889056,0.009980751865165645,0
10138,2017-10-16,2017-10-23,0.011440973605495175,0.011440973605495175,0.011824060961928482,0
10138,2017-10-23,2017-10-30,0.010892098331698859,0.010892098331698859,0.011858533783142366,0
10138,2017-10-30,2017-11-06,0.010271784778871352,0.010271784778871352,0.0105922541035836,0
10138,2017-11-06,2017-11-13,0.010404447520669605,0.010404447520669605,0.011155720743883284,0
10138,2017-11-13,2017-11-20,0.011482161210674928,0.011482161210674928,0.010336504061708168,0
10138,2017-11-20,2017-11-27,0.012679356740761507,0.012679356740761507,0.011554031375412726,0
10138,2017-11-27,2017-12-04,0.012963093532782612,0.012963093532782612,0.011166581836143058,0
10138,2017-12-04,2017-12-11,0.013385578346432156,0.013385578346432156,0.01246204971647618,0
10138,2017-12-11,2017-12-18,0.014692228777080981,0.014692228777080981,0.012954090903500635,0
10138,2017-12-18,2017-12-25,0.013718886470854681,0.013718886470854681,0.013201881370149838,0
10138,2017-12-25,2018-01-01,0.013638709952613836,0.013638709952613836,0.013098373425250632,0
10138,2018-01-01,2018-01-08,0.01586724434845694,0.01586724434845694,0.013377329948311303,0
10138,2018-01-08,2018-01-15,0.01754709468233781,9.293150703567482e-4,0.010177538471675506,4
10138,2018-01-15,2018-01-22,0.016805417592498453,0.016805417592498453,0.013393132290379063,0
10138,2018-01-22,2018-01-29,0.01312376472719453,0.01312376472719453,0.017411453375750906,0
10138,2018-01-29,2018-02-05,0.009376842802511151,0.009376842802511151,0.01838734020693155,0
10138,2018-02-05,2018-02-12,0.011409745636206434,0.011409745636206434,0.020657113590138013,0
10138,2018-02-12,2018-02-19,0.011329052792303073,0.011329052792303073,0.019934397720304364,0
10138,2018-02-19,2018-02-26,0.010566205185241716,0.010566205185241716,0.020519424891039837,0
10138,2018-02-26,2018-03-05,0.012762605949649782,0.012762605949649782,0.02185125204482791,0
10138,2018-03-05,2018-03-12,0.012574427740074338,0.012574427740074338,0.021313948962222797,0
10138,2018-03-12,2018-03-19,0.008784610793381368,0.008784610793381368,0.027128809966301896,0
10138,2018-03-19,2018-03-26,0.009691073781899158,0.009691073781899158,0.027361069026554906,0
10138,2018-03-26,2018-04-02,0.008116721602215066,0.018781484203467754,0.01462464301828063,7
10138,2018-04-02,2018-04-09,0.009021117330814163,0.009021117330814163,0.025647174554477136,0
10138,2018-04-09,2018-04-16,0.00865990218496902,0.00865990218496902,0.02478571126601729,0
10138,2018-04-16,2018-04-23,0.008852497164842425,0.008852497164842425,0.023387220759700147,0
10138,2018-04-23,2018-04-30,0.007859743327755287,0.007859743327755287,0.023490907718649496,0
10138,2018-04-30,2018-05-07,0.008550141631699771,0.008550141631699771,0.023310996207070136,0
10138,2018-05-07,2018-05-14,0.00854429618936482,0.00854429618936482,0.023444827815495565,0
10138,2018-05-14,2018-05-21,0.009753804958099615,0.009753804958099615,0.022646583825602695,0
10138,2018-05-21,2018-05-28,0.009961961888165631,0.009961961888165631,0.02125845345903177,0
10138,2018-05-28,2018-06-04,0.01114980508434171,0.01114980508434171,0.02146416731637231,0
10138,2018-06-04,2018-06-11,0.010136643228836346,0.010136643228836346,0.021532461715353654,0
10138,2018-06-11,2018-06-18,0.009024962988361826,0.009024962988361826,0.021803711781795753,0
10138,2018-06-18,2018-06-25,0.005480186793000712,0.005480186793000712,0.023062625236449773,0
10138,2018-06-25,2018-07-02,0.005323739116135703,0.005323739116135703,0.023112443311727227,0
10138,2018-07-02,2018-07-09,0.006272438659069697,0.006272438659069697,0.022698872089992866,0
10138,2018-07-09,2018-07-16,0.0055808359045210944,0.0055808359045210944,0.02256555566294578,0
10138,2018-07-16,2018-07-23,0.005442638249705157,0.005442638249705157,0.022953478179852077,0
10138,2018-07-23,2018-07-30,0.0042610395841163155,0.0042610395841163155,0.022944386506076612,0
10138,2018-07-30,2018-08-06,0.0016630518109625172,0.0016630518109625172,0.02188183617571451,0
10138,2018-08-06,2018-08-13,6.496896483515159e-4,6.496896483515159e-4,0.021514238899898428,0
10138,2018-08-13,2018-08-20,-1.579317960330312e-4,-1.579317960330312e-4,0.021255517930290548,0
10138,2018-08-20,2018-08-27,0.0027864664323019126,0.0027864664323019126,0.020552367442070823,0
10138,2018-08-27,2018-09-03,0.0024050006588407216,0.0024050006588407216,0.022969737656503363,0
10138,2018-09-03,2018-09-10,0.0011585995338937597,0.0011585995338937597,0.021343955169340293,0
10138,2018-09-10,2018-09-17,0.0010353433592040487,0.0010353433592040487,0.02130140872331659,0
10138,2018-09-17,2018-09-24,8.476347524583377e-4,8.476347524583377e-4,0.021073781518251736,0
10138,2018-09-24,2018-10-01,-0.0013060613977041984,-0.0013060613977041984,0.02138184405084486,0
10138,2018-10-01,2018-10-08,-0.0036983814140430058,-0.0036983814140430058,0.02201790240009731,0
10138,2018-10-08,2018-10-15,-6.06553175026447e-4,-6.06553175026447e-4,0.02195048837053285,0
10138,2018-10-15,2018-10-22,-0.0037261108875571657,-0.0037261108875571657,0.022784014027126702,0
10138,2018-10-22,2018-10-29,-0.001531132087616194,-0.001531132087616194,0.02175551849596989,0
10138,2018-10-29,2018-11-05,-0.0018698947945771024,-0.0018698947945771024,0.020897378746003947,0
10138,2018-11-05,2018-11-12,-0.0031672276855057107,-0.0031672276855057107,0.020442350281809987,0
10138,2018-11-12,2018-11-19,-0.0053066428040730584,-0.0053066428040730584,0.01956650095756526,0
10138,2018-11-19,2018-11-26,-0.003048613987769377,-0.003048613987769377,0.02020900334080631,0
10138,2018-11-26,2018-12-03,-0.006948990539398451,-0.006948990539398451,0.01911596863635491,0
10138,2018-12-03,2018-12-10,-0.007838682524216108,-0.007838682524216108,0.019523191309255748,0
10138,2018-12-10,2018-12-17,-0.009938164150844819,-0.009938164150844819,0.018635379419993114,0
10138,2018-12-17,2018-12-24,-0.008604039871621923,-0.008604039871621923,0.021098774199261944,0
10138,2018-12-24,2018-12-31,-0.009205819485317488,-0.009205819485317488,0.020687888523542825,0
10138,2018-12-31,2019-01-07,-0.009678150977597996,-0.009678150977597996,0.02095162985522234,0
10138,2019-01-07,2019-01-14,-0.006877268672668683,-0.006877268672668683,0.020158160570089862,0
10138,2019-01-14,2019-01-21,-0.0057154060164040085,-0.0057154060164040085,0.0211367901705168,0
10138,2019-01-21,2019-01-28,-0.005687047291514318,-0.005687047291514318,0.021572078071184414,0
10138,2019-01-28,2019-02-04,-0.007390156130760676,-0.007390156130760676,0.020103660549927637,0
10138,2019-02-04,2019-02-11,-0.005689976426220311,-0.005689976426220311,0.023546700784295937,0
10138,2019-02-11,2019-02-18,-0.005293038451779537,-0.005293038451779537,0.023628440209139713,0
10138,2019-02-18,2019-02-25,-0.003951397308520939,-0.003951397308520939,0.023637758605324938,0
10138,2019-02-25,2019-03-04,-0.005145766146958827,-0.005145766146958827,0.024708416558109063,0
10138,2019-03-04,2019-03-11,0.007782178179377453,-0.0020635211260366716,0.022992217726675673,1
10138,2019-03-11,2019-03-18,-0.0036563693143944736,-0.0036563693143944736,0.02791064117778419,0
10138,2019-03-18,2019-03-25,-0.00149955561982807,-0.00334097756401454,0.026454988532288982,1
10138,2019-03-25,2019-04-01,4.494396683488286e-4,4.494396683488286e-4,0.025101736371743465,0
10138,2019-04-01,2019-04-08,-1.2037520490684175e-4,-1.2037520490684175e-4,0.02385550355840337,0
10138,2019-04-08,2019-04-15,-5.432273681713318e-4,-5.432273681713318e-4,0.023657980216542005,0
10138,2019-04-15,2019-04-22,9.059394433408788e-4,9.059394433408788e-4,0.022788235181444187,0
10138,2019-04-22,2019-04-29,4.961169952212661e-4,4.961169952212661e-4,0.02331908052505862,0
10138,2019-04-29,2019-05-06,0.002877766442052291,0.002877766442052291,0.019689790144832187,0
10138,2019-05-06,2019-05-13,0.002545723738797682,0.002545723738797682,0.02059639168790532,0
10138,2019-05-13,2019-05-20,0.0044066176887972135,0.0044066176887972135,0.017840760385136045,0
10138,2019-05-20,2019-05-27,0.0024814394469050015,0.0024814394469050015,0.017660619213187876,0
10138,2019-05-27,2019-06-03,0.0034479882625949323,0.0034479882625949323,0.018615949354269433,0
10138,2019-06-03,2019-06-10,0.0046496450840863126,0.0046496450840863126,0.018528319412637873,0
10138,2019-06-10,2019-06-17,0.005822670403789519,0.005822670403789519,0.019719776784307294,0
10138,2019-06-17,2019-06-24,0.004591693190948629,0.004591693190948629,0.01809713424505981,0
10138,2019-06-24,2019-07-01,0.006847149938666112,0.006847149938666112,0.018433455347376983,0
10138,2019-07-01,2019-07-08,0.007125951936776379,0.007125951936776379,0.017842949083074027,0
10138,2019-07-08,2019-07-15,0.00836213576079566,0.00836213576079566,0.01730441775336151,0
10138,2019-07-15,2019-07-22,0.008678795107321651,0.008678795107321651,0.015803308927936265,0
10138,2019-07-22,2019-07-29,0.006955055484371319,0.006955055484371319,0.016278553806027853,0
10138,2019-07-29,2019-08-05,0.0071579537965139745,0.0071579537965139745,0.015855592013738675,0
10138,2019-08-05,2019-08-12,0.00441619090609824,0.00441619090609824,0.017037736476529126,0
10138,2019-08-12,2019-08-19,0.00458059253641377,0.00458059253641377,0.01638124490868993,0
10138,2019-08-19,2019-08-26,0.014999900164299591,0.003647639045215827,0.010426422429807024,6
10138,2019-08-26,2019-09-02,0.008436171430459605,0.008436171430459605,0.017490827583165593,0
10138,2019-09-02,2019-09-09,0.007737627316347588,0.007737627316347588,0.016084405506614472,0
10138,2019-09-09,2019-09-16,0.006287938352033614,0.006287938352033614,0.015849590144764503,0
10138,2019-09-16,2019-09-23,0.005015370637887011,0.005015370637887011,0.015475021457703785,0
10138,2019-09-23,2019-09-30,0.005678981911031112,0.005678981911031112,0.016229842769929986,0
10138,2019-09-30,2019-10-07,0.002604483176282521,0.0068898464383870565,0.012470156104111228,4
10138,2019-10-07,2019-10-14,0.004210921362327587,0.004210921362327587,0.015005828830407152,0
10138,2019-10-14,2019-10-21,0.005061932210415098,0.005061932210415098,0.013829724655771241,0
10138,2019-10-21,2019-10-28,0.004579292772721914,0.004579292772721914,0.014129054266126194,0
10138,2019-10-28,2019-11-04,0.0048570847508471815,0.0048570847508471815,0.013379484329748604,0
10138,2019-11-04,2019-11-11,0.005381226718731643,0.005381226718731643,0.013295125950827975,0
10138,2019-11-11,2019-11-18,0.004583764794129397,0.004583764794129397,0.01345165417915162,0
10138,2019-11-18,2019-11-25,0.005650395378861754,0.005650395378861754,0.013747578304907864,0
10138,2019-11-25,2019-12-02,0.006138213184972227,0.006138213184972227,0.014615603524956913,0
10138,2019-12-02,2019-12-09,0.00654174681521517,0.00654174681521517,0.014576912898561785,0
10138,2019-12-09,2019-12-16,0.0065589606685983945,0.0065589606685983945,0.015206115390611898,0
10138,2019-12-16,2019-12-23,0.0074736728178813865,0.0074736728178813865,0.016819471758125943,0
10138,2019-12-23,2019-12-30,0.006497879508816888,0.006497879508816888,0.015924983777830234,0
10138,2019-12-30,2020-01-06,0.006903761482138297,0.006903761482138297,0.01506359559727667,0
10138,2020-01-06,2020-01-13,0.007410220097684139,0.007410220097684139,0.01441520814723417,0
10138,2020-01-13,2020-01-20,0.006710299977002085,0.006710299977002085,0.014717465451962584,0
10138,2020-01-20,2020-01-27,0.007091730421745565,0.007091730421745565,0.014811194811739398,0
10138,2020-01-27,2020-02-03,0.008210126797640431,0.008210126797640431,0.014619199398309947,0
10138,2020-02-03,2020-02-10,0.008650059696058332,0.008650059696058332,0.015226841984271863,0
10138,2020-02-10,2020-02-17,0.006310133649978181,0.006310133649978181,0.014251419630120894,0
10138,2020-02-17,2020-02-24,0.0033337007334701646,0.0033337007334701646,0.022761206250074505,0
10138,2020-02-24,2020-03-02,0.0034018351441685007,0.0034018351441685007,0.02272219718315547,0
10138,2020-03-02,2020-03-09,0.0013620146999908439,0.0013620146999908439,0.025415184986749807,0
10138,2020-03-09,2020-03-16,-0.0033681923528159864,-0.0033681923528159864,0.03473615361792409,0
10138,2020-03-16,2020-03-23,-0.0019644588320557816,-0.0019644588320557816,0.03337905931497226,0
10138,2020-03-23,2020-03-30,-0.004568327706651868,-0.004568327706651868,0.03310220822407235,0
10145,2016-08-01,2016-08-08,0.006490659388415805,0.006490659388415805,0.013629945254253303,0
10145,2016-08-08,2016-08-15,0.006472900458520041,0.006472900458520041,0.013800638477314367,0
10145,2016-08-15,2016-08-22,0.00482329298617048,0.00482329298617048,0.01177014607379451,0
10145,2016-08-22,2016-08-29,0.005066080245962346,0.005066080245962346,0.012407873633657392,0
10145,2016-08-29,2016-09-05,0.0033710718600854063,0.0033710718600854063,0.01158562665275937,0
10145,2016-09-05,2016-09-12,0.002819797530096469,0.002819797530096469,0.011295266852057399,0
10145,2016-09-12,2016-09-19,0.004455327913133541,0.004455327913133541,0.00960640484413321,0
10145,2016-09-19,2016-09-26,0.002974218015806171,0.002974218015806171,0.00825543279358416,0
10145,2016-09-26,2016-10-03,1.1699292562347219e-4,1.1699292562347219e-4,0.012196927137027544,0
10145,2016-10-03,2016-10-10,-1.79535644279279e-4,-1.79535644279279e-4,0.012377381056590938,0
10145,2016-10-10,2016-10-17,4.020230398827556e-5,4.020230398827556e-5,0.01233907123561867,0
10145,2016-10-17,2016-10-24,-2.655405565646844e-4,-2.655405565646844e-4,0.013468411022798804,0
10145,2016-10-24,2016-10-31,-4.183589467611072e-4,-4.183589467611072e-4,0.013350700043237008,0
10145,2016-10-31,2016-11-07,3.750467075250242e-4,3.750467075250242e-4,0.012316608342307162,0
10145,2016-11-07,2016-11-14,3.6280247411721095e-4,3.6280247411721095e-4,0.01227513638201536,0
10145,2016-11-14,2016-11-21,9.521550941395058e-4,9.521550941395058e-4,0.012724380472156092,0
10145,2016-11-21,2016-11-28,5.92900953788048e-4,5.92900953788048e-4,0.013127398894784634,0
10145,2016-11-28,2016-12-05,0.0018833323936232743,0.0018833323936232743,0.013612980671086163,0
10145,2016-12-05,2016-12-12,0.001745830988274247,0.001745830988274247,0.013456007381686095,0
10145,2016-12-12,2016-12-19,0.001593787257950474,0.001593787257950474,0.013244464701442594,0
10145,2016-12-19,2016-12-26,0.0011348947350002208,0.0011348947350002208,0.013511636753071057,0
10145,2016-12-26,2017-01-02,0.0013571461006811757,0.0013571461006811757,0.013549267489063599,0
10145,2017-01-02,2017-01-09,0.0014448910905339647,0.0014448910905339647,0.013983181872272685,0
10145,2017-01-09,2017-01-16,0.0022197706736463364,0.0022197706736463364,0.015048697313414676,0
10145,2017-01-16,2017-01-23,0.0013510325126503183,0.0013510325126503183,0.014154902053504092,0
10145,2017-01-23,2017-01-30,8.982266507970259e-4,8.982266507970259e-4,0.013827608692708134,0
10145,2017-01-30,2017-02-06,0.0015327054375270594,0.0015327054375270594,0.013713800654888478,0
10145,2017-02-06,2017-02-13,0.0032861229146606673,0.0032861229146606673,0.013485085378567628,0
10145,2017-02-13,2017-02-20,0.0033822526536644295,0.0033822526536644295,0.013929268908578814,0
10145,2017-02-20,2017-02-27,0.0036853313386384116,0.0036853313386384116,0.013985807565653,0
10145,2017-02-27,2017-03-06,0.003981899743402905,0.003981899743402905,0.013939846014255401,0
10145,2017-03-06,2017-03-13,0.0038392033054456915,0.0038392033054456915,0.013927263386990647,0
10145,2017-03-13,2017-03-20,0.003028989447450679,0.003028989447450679,0.013710708765798316,0
10145,2017-03-20,2017-03-27,0.003158511282290572,0.003158511282290572,0.013711334781656986,0
10145,2017-03-27,2017-04-03,0.0042526989482855595,0.0042526989482855595,0.0140345556311249,0
10145,2017-04-03,2017-04-10,0.003108353730283386,0.003108353730283386,0.01392199967386455,0
10145,2017-04-10,2017-04-17,0.0038528525157968604,0.0038528525157968604,0.014711086538002724,0
10145,2017-04-17,2017-04-24,0.0047424435460343296,0.0047424435460343296,0.014639039029732986,0
10145,2017-04-24,2017-05-01,0.007397072451982167,0.007397072451982167,0.009392796238701465,0
10145,2017-05-01,2017-05-08,0.006775266559911567,0.006775266559911567,0.008843334765460531,0
10145,2017-05-08,2017-05-15,0.006935108535771336,0.006935108535771336,0.009283455332196003,0
10145,2017-05-15,2017-05-22,0.007138262639904462,0.007138262639904462,0.009162052741520793,0
10145,2017-05-22,2017-05-29,0.007812891131010817,0.007812891131010817,0.009239704990542505,0
10145,2017-05-29,2017-06-05,0.006213538395896808,0.006213538395896808,0.007676899722248775,0
10145,2017-06-05,2017-06-12,0.006568812274866787,0.006568812274866787,0.007963238024256815,0
10145,2017-06-12,2017-06-19,0.005791797580238208,0.005791797580238208,0.0078007251691416,0
10145,2017-06-19,2017-06-26,0.006119889434061299,0.006119889434061299,0.0073172222941259085,0
10145,2017-06-26,2017-07-03,0.005206915991989073,0.005206915991989073,0.006303712950468031,0
10145,2017-07-03,2017-07-10,0.0055888892263892195,0.0055888892263892195,0.005817813835910076,0
10145,2017-07-10,2017-07-17,0.005541799641989753,0.005541799641989753,0.005791220659345527,0
10145,2017-07-17,2017-07-24,0.00597418234755535,0.00597418234755535,0.006801960573617573,0
10145,2017-07-24,2017-07-31,0.005995004519438175,0.005995004519438175,0.006264435281141711,0
10145,2017-07-31,2017-08-07,0.0053031613201906195,0.0053031613201906195,0.006976717324445659,0
10145,2017-08-07,2017-08-14,0.005132113152110955,0.005132113152110955,0.007538169554743921,0
10145,2017-08-14,2017-08-21,0.0054242360595135024,0.0054242360595135024,0.007654339460385498,0
10145,2017-08-21,2017-08-28,0.005404851530621457,0.005404851530621457,0.007603931081816852,0
10145,2017-08-28,2017-09-04,0.004646440897426207,0.004646440897426207,0.0066890749454725324,0
10145,2017-09-04,2017-09-11,0.004239478713627961,0.004239478713627961,0.00724982992704934,0
10145,2017-09-11,2017-09-18,0.004607424240960982,0.004607424240960982,0.007065074962400142,0
10145,2017-09-18,2017-09-25,0.004290515110337224,0.004290515110337224,0.00714471933342313,0
10145,2017-09-25,2017-10-02,0.004513410788943125,0.004513410788943125,0.007121695629897876,0
10145,2017-10-02,2017-10-09,0.004423887506507108,0.004423887506507108,0.006818837781301031,0
10145,2017-10-09,2017-10-16,0.005510764181350507,0.005510764181350507,0.006589504799153898,0
10145,2017-10-16,2017-10-23,0.005678954753856532,0.005678954753856532,0.006341584176992908,0
10145,2017-10-23,2017-10-30,0.005558674912950534,0.005558674912950534,0.007027771673291401,0
10145,2017-10-30,2017-11-06,0.006212779061414564,0.006212779061414564,0.006630930194789675,0
10145,2017-11-06,2017-11-13,0.005305644303111279,0.005305644303111279,0.006257113843333638,0
10145,2017-11-13,2017-11-20,0.004962040693381905,0.004962040693381905,0.006571482109724912,0
10145,2017-11-20,2017-11-27,0.0059491236090137584,0.0059491236090137584,0.0067935358023237325,0
10145,2017-11-27,2017-12-04,0.005783006483626006,-0.0053354348578098475,0.005222606212963372,3
10145,2017-12-04,2017-12-11,0.005749435806809403,0.005749435806809403,0.006003033303443113,0
10145,2017-12-11,2017-12-18,0.0051158952420349065,0.0051158952420349065,0.006433465533410769,0
10145,2017-12-18,2017-12-25,0.0048925673071561334,0.0048925673071561334,0.006403470823728447,0
10145,2017-12-25,2018-01-01,0.00543475110136018,0.00543475110136018,0.006651398022555752,0
10145,2018-01-01,2018-01-08,0.005973198473523978,0.005973198473523978,0.006925656978985392,0
10145,2018-01-08,2018-01-15,0.00605202312211374,0.00605202312211374,0.006816350126448871,0
10145,2018-01-15,2018-01-22,0.007549499790783884,0.007549499790783884,0.007838320043045265,0
10145,2018-01-22,2018-01-29,0.005656989924936959,0.005656989924936959,0.010412668794589325,0
10145,2018-01-29,2018-02-05,0.00337012801244366,0.00337012801244366,0.01219979057287479,0
10145,2018-02-05,2018-02-12,0.004624030040125482,0.004624030040125482,0.013321314752708585,0
10145,2018-02-12,2018-02-19,0.00491544166025281,0.00491544166025281,0.012693443679307574,0
10145,2018-02-19,2018-02-26,0.00262355972174756,0.00262355972174756,0.014981974974250413,0
10145,2018-02-26,2018-03-05,0.004810591092957254,0.004810591092957254,0.0144261188850996,0
10145,2018-03-05,2018-03-12,0.004526911746389211,0.004526911746389211,0.013513179727616472,0
10145,2018-03-12,2018-03-19,0.002198273752300743,0.002198273752300743,0.015816087543812845,0
10145,2018-03-19,2018-03-26,0.00228710691753092,0.00228710691753092,0.01586315187051287,0
10145,2018-03-26,2018-04-02,0.0018933697006200956,0.0018933697006200956,0.0149265117417548,0
10145,2018-04-02,2018-04-09,0.0023482853416695792,0.0023482853416695792,0.015435750840808048,0
10145,2018-04-09,2018-04-16,0.0026918038004655085,0.0026918038004655085,0.015599873185436484,0
10145,2018-04-16,2018-04-23,0.0018883005260868987,0.0018883005260868987,0.016381982147359423,0
10145,2018-04-23,2018-04-30,7.565414757044713e-4,7.565414757044713e-4,0.01596953409438789,0
10145,2018-04-30,2018-05-07,0.0016184399977296924,0.0016184399977296924,0.016171414340904827,0
10145,2018-05-07,2018-05-14,0.0015496459309430038,0.0015496459309430038,0.016101540974539023,0
10145,2018-05-14,2018-05-21,0.0018760728211501244,0.0018760728211501244,0.016197560505182788,0
10145,2018-05-21,2018-05-28,0.002030448279407852,0.002030448279407852,0.016278237776635323,0
10145,2018-05-28,2018-06-04,0.002244233319038957,0.002244233319038957,0.016255825375262694,0
10145,2018-06-04,2018-06-11,0.0015473454905252826,0.0015473454905252826,0.016190801213189967,0
10145,2018-06-11,2018-06-18,-5.563239807740842e-4,-5.563239807740842e-4,0.017322223314967456,0
10145,2018-06-18,2018-06-25,-0.0016004300268237892,-0.0016004300268237892,0.017200765842412893,0
10145,2018-06-25,2018-07-02,-0.0010542447140600823,-0.0010542447140600823,0.017127713598355715,0
10145,2018-07-02,2018-07-09,-7.749865290198467e-4,-7.749865290198467e-4,0.017314944826971202,0
10145,2018-07-09,2018-07-16,6.615308963915927e-4,6.615308963915927e-4,0.017411157994529535,0
10145,2018-07-16,2018-07-23,0.0020415726606929693,0.0020415726606929693,0.0177539017706304,0
10145,2018-07-23,2018-07-30,-0.011397024247507749,0.00664254589879862,0.009352396972825801,7
10145,2018-07-30,2018-08-06,-5.07510519005272e-4,-5.07510519005272e-4,0.01716949569758415,0
10145,2018-08-06,2018-08-13,1.8833381454507988e-4,1.8833381454507988e-4,0.01718647686913597,0
10145,2018-08-13,2018-08-20,-6.323828648814049e-4,-6.323828648814049e-4,0.01755202164742063,0
10145,2018-08-20,2018-08-27,0.0013806026085359446,0.0013806026085359446,0.016054355527148293,0
10145,2018-08-27,2018-09-03,0.01779705322105858,0.01878065731399428,0.0036245706545875995,17
10145,2018-09-03,2018-09-10,0.0020626196345899005,0.006773890558240455,0.0098364850248127,6
10145,2018-09-10,2018-09-17,0.0031688756868830615,0.0031688756868830615,0.016061897484242242,0
10145,2018-09-17,2018-09-24,0.004481544879927386,0.004481544879927386,0.01435699379210372,0
10145,2018-09-24,2018-10-01,0.0030120970809565766,0.0030120970809565766,0.012917181605561347,0
10145,2018-10-01,2018-10-08,0.0019384537564963904,0.0019384537564963904,0.013358922136492712,0
10145,2018-10-08,2018-10-15,-0.009281350791201284,0.029710964804627135,0.004765504820447749,15
10145,2018-10-15,2018-10-22,0.0013226570511800247,0.0013226570511800247,0.012791888641297107,0
10145,2018-10-22,2018-10-29,0.002616039930036744,0.002616039930036744,0.013330137559606917,0
10145,2018-10-29,2018-11-05,0.002935668259767088,0.002935668259767088,0.013615624650513997,0
10145,2018-11-05,2018-11-12,0.0017107404546034286,0.0017107404546034286,0.013277765218471859,0
10145,2018-11-12,2018-11-19,0.0013295891515491486,0.0013295891515491486,0.01433608197980695,0
10145,2018-11-19,2018-11-26,0.0028312723074111995,0.0028312723074111995,0.01407193567852724,0
10145,2018-11-26,2018-12-03,2.0115319729255808e-4,2.0115319729255808e-4,0.013762424656975344,0
10145,2018-12-03,2018-12-10,-7.359485050877062e-4,-7.359485050877062e-4,0.013837446198357221,0
10145,2018-12-10,2018-12-17,-0.002967445642162913,-0.002967445642162913,0.015309430188063659,0
10145,2018-12-17,2018-12-24,-0.002501442895022384,-0.002501442895022384,0.015571082785148899,0
10145,2018-12-24,2018-12-31,-0.0019105632547838517,-0.0019105632547838517,0.015346683748956442,0
10145,2018-12-31,2019-01-07,-8.74338594244765e-4,-8.74338594244765e-4,0.01683165600378898,0
10145,2019-01-07,2019-01-14,0.0015976191954598018,0.0015976191954598018,0.016567172600603,0
10145,2019-01-14,2019-01-21,-0.0016361078343988065,0.016004346996295906,0.007433936755220052,11
10145,2019-01-21,2019-01-28,0.0018723087846070278,0.0018723087846070278,0.017333106682741323,0
10145,2019-01-28,2019-02-04,0.011365967592633374,0.002869296493989639,0.012877904441026758,4
10145,2019-02-04,2019-02-11,0.010097190600490063,0.0027567796660530218,0.00989834025747233,6
10145,2019-02-11,2019-02-18,9.486660759472614e-4,9.486660759472614e-4,0.016167575182787254,0
10145,2019-02-18,2019-02-25,0.0023965288500348483,0.0023965288500348483,0.015493942478806142,0
10145,2019-02-25,2019-03-04,0.0019317061545034806,0.0019317061545034806,0.01608806186377791,0
10145,2019-03-04,2019-03-11,0.0021423243309889248,0.0021423243309889248,0.017090368499458306,0
10145,2019-03-11,2019-03-18,0.002532538169246812,0.0017606635820549097,0.014030338264130282,2
10145,2019-03-18,2019-03-25,0.002075602769937591,0.002075602769937591,0.017156368013279986,0
10145,2019-03-25,2019-04-01,0.0018728730854864423,0.0018728730854864423,0.016823867195178976,0
10145,2019-04-01,2019-04-08,0.001560746786264812,0.001560746786264812,0.016806412260953182,0
10145,2019-04-08,2019-04-15,0.002462559571345374,0.002462559571345374,0.016054457573967333,0
10145,2019-04-15,2019-04-22,0.0032788095685188567,0.0032788095685188567,0.016288085503378947,0
10145,2019-04-22,2019-04-29,0.0036320594714840918,0.0036320594714840918,0.016517608881994324,0
10145,2019-04-29,2019-05-06,0.004864088665886997,0.004864088665886997,0.015216079959901003,0
10145,2019-05-06,2019-05-13,0.005120421606653773,0.005120421606653773,0.014850869741047861,0
10145,2019-05-13,2019-05-20,0.0062539125829687205,0.0062539125829687205,0.013593390709517544,0
10145,2019-05-20,2019-05-27,0.004894892841649168,0.004894892841649168,0.013507442639737561,0
10145,2019-05-27,2019-06-03,0.005398761515680618,0.005398761515680618,0.012823708320754374,0
10145,2019-06-03,2019-06-10,0.005714905248952933,0.005714905248952933,0.012712377516791627,0
10145,2019-06-10,2019-06-17,0.007191254656730318,0.007191254656730318,0.012375796428929838,0
10145,2019-06-17,2019-06-24,0.006432738292155664,0.006432738292155664,0.012544323767689202,0
10145,2019-06-24,2019-07-01,0.008640836608239718,0.008640836608239718,0.010018140205272133,0
10145,2019-07-01,2019-07-08,0.009290126528248998,0.009290126528248998,0.010929366635202017,0
10145,2019-07-08,2019-07-15,0.010219387828807047,0.010219387828807047,0.009274724634953853,0
10145,2019-07-15,2019-07-22,0.009998935231523686,0.009998935231523686,0.009840968165949168,0
10145,2019-07-22,2019-07-29,0.007939721468690753,0.007939721468690753,0.01071962390228281,0
10145,2019-07-29,2019-08-05,0.006995424526481343,0.006995424526481343,0.01124502767110643,0
10145,2019-08-05,2019-08-12,0.005744613864278376,0.005744613864278376,0.011039617684586752,0
10145,2019-08-12,2019-08-19,0.004052552212475231,0.004052552212475231,0.012302989766661426,0
10145,2019-08-19,2019-08-26,0.005078692482667523,0.005078692482667523,0.012741209483856581,0
10145,2019-08-26,2019-09-02,0.010270782302372602,0.0011910950860753574,0.012398147627214976,3
10145,2019-09-02,2019-09-09,0.003776205210756504,0.003776205210756504,0.013663163330784057,0
10145,2019-09-09,2019-09-16,0.0037425949010822155,0.0037425949010822155,0.013470883801237097,0
10145,2019-09-16,2019-09-23,0.0031408084370667328,0.0031408084370667328,0.013477033210198337,0
10145,2019-09-23,2019-09-30,0.003150119779177251,0.003150119779177251,0.014062295971541149,0
10145,2019-09-30,2019-10-07,0.0023029161443079652,0.0023029161443079652,0.014345290510892296,0
10145,2019-10-07,2019-10-14,0.0026158367292265063,0.0026158367292265063,0.014481192668078567,0
10145,2019-10-14,2019-10-21,0.0031748692313874225,0.0031748692313874225,0.015297212592879224,0
10145,2019-10-21,2019-10-28,0.003463822543894794,0.003463822543894794,0.015002472372602101,0
10145,2019-10-28,2019-11-04,0.0042684308463655785,0.0042684308463655785,0.014176006139815872,0
10145,2019-11-04,2019-11-11,0.003183193128772536,0.003183193128772536,0.01296053192556126,0
10145,2019-11-11,2019-11-18,0.0016445858239932387,0.0016445858239932387,0.014067151414039606,0
10145,2019-11-18,2019-11-25,0.0017267731133941498,0.0017267731133941498,0.013834899019809554,0
10145,2019-11-25,2019-12-02,0.0015167887222635695,0.0015167887222635695,0.0139867538409818,0
10145,2019-12-02,2019-12-09,0.0021318107507146615,0.0021318107507146615,0.013485678891472105,0
10145,2019-12-09,2019-12-16,0.0025047651180338765,0.0025047651180338765,0.013149192833858766,0
10145,2019-12-16,2019-12-23,0.00299191236840756,0.00299191236840756,0.013837368639658685,0
10145,2019-12-23,2019-12-30,0.0018286587700822332,0.0018286587700822332,0.013359111773592294,0
10145,2019-12-30,2020-01-06,0.0016887137480064763,0.0016887137480064763,0.013493544435374127,0
10145,2020-01-06,2020-01-13,0.002248192927683479,0.002248192927683479,0.014151775962223858,0
10145,2020-01-13,2020-01-20,0.001084927806628189,0.001084927806628189,0.012521087434122585,0
10145,2020-01-20,2020-01-27,-3.270635977763842e-5,-3.270635977763842e-5,0.012600405128356237,0
10145,2020-01-27,2020-02-03,2.5987589630681546e-4,2.5987589630681546e-4,0.012751034648104226,0
10145,2020-02-03,2020-02-10,0.002092419019613826,0.002092419019613826,0.013072305277844433,0
10145,2020-02-10,2020-02-17,0.0018014716426662484,0.0018014716426662484,0.013378658083660748,0
10145,2020-02-17,2020-02-24,-2.356317887972197e-4,-2.356317887972197e-4,0.019667202065195365,0
10145,2020-02-24,2020-03-02,4.1247708248449294e-4,4.1247708248449294e-4,0.019700742311168026,0
10145,2020-03-02,2020-03-09,-0.002397323051180752,-0.002397323051180752,0.01832015183527258,0
10145,2020-03-09,2020-03-16,-0.008906956324565344,-0.008906956324565344,0.046924913470354886,0
10145,2020-03-16,2020-03-23,-0.005077265339233599,-0.005077265339233599,0.052240908142035386,0
10145,2020-03-23,2020-03-30,-0.007371495733949907,-0.007371495733949907,0.05200334003044223,0
