PERMNO,date,DIVAMT,RETX
10104,2019-01-02,,0.001550
10104,2019-01-03,,-0.009730
10104,2019-01-04,,0.043100
10104,2019-01-07,,0.015842
10104,2019-01-08,,0.009062
10104,2019-01-09,,-0.002089
10104,2019-01-10,,0.000837
10104,2019-01-11,,0.009829
10104,2019-01-14,,-0.002278
10104,2019-01-15,0.19000,0.004151
10104,2019-01-16,,-0.006614
10104,2019-01-17,,0.010820
10104,2019-01-18,,0.014203
10104,2019-01-22,,-0.006698
10104,2019-01-23,,0.006130
10104,2019-01-24,,-0.000812
10104,2019-01-25,,0.012195
10104,2019-01-28,,-0.005622
10104,2019-01-29,,0.001817
10104,2019-01-30,,0.015118
10104,2019-01-31,,-0.002581
10104,2019-02-01,,0.011547
10104,2019-02-04,,0.004330
10104,2019-02-05,,0.004115
10104,2019-02-06,,0.000390
10104,2019-02-07,,-0.020289
10104,2019-02-08,,0.016129
10104,2019-02-11,,0.003919
10104,2019-02-12,,-0.000195
10104,2019-02-13,,0.003905
10104,2019-02-14,,0.001167
10104,2019-02-15,,0.004662
10104,2019-02-19,,0.005800
10104,2019-02-20,,-0.004806
10104,2019-02-21,,0.006568
10104,2019-02-22,,0.007100
10104,2019-02-25,,0.001524
10104,2019-02-26,,0.000761
10104,2019-02-27,,-0.004182
10104,2019-02-28,,-0.004773
10104,2019-03-01,,0.007289
10104,2019-03-04,,-0.008951
10104,2019-03-05,,0.006149
10104,2019-03-06,,-0.000191
10104,2019-03-07,,0.004394
10104,2019-03-08,,0.003614
10104,2019-03-11,,-0.002085
10104,2019-03-12,,0.002659
10104,2019-03-13,,0.004924
10104,2019-03-14,,-0.000189
10104,2019-03-15,,-0.002074
10104,2019-03-18,,0.009822
10104,2019-03-19,,0.010849
10104,2019-03-20,,-0.025907
10104,2019-03-21,,0.026596
10104,2019-03-22,,-0.023501
10104,2019-03-25,,-0.000568
10104,2019-03-26,,0.010239
10104,2019-03-27,,-0.008821
10104,2019-03-28,,0.007196
10104,2019-03-29,,0.009776
10104,2019-04-01,,0.016198
10104,2019-04-02,,-0.007878
10104,2019-04-03,,-0.001662
10104,2019-04-04,,-0.004440
10104,2019-04-05,,0.002044
10104,2019-04-08,,-0.003894
10104,2019-04-09,,0.002048
10104,2019-04-10,0.24000,0.002601
10104,2019-04-11,,-0.003335
10104,2019-04-12,,0.013199
10104,2019-04-15,,0.002385
10104,2019-04-16,,-0.000732
10104,2019-04-17,,-0.002015
10104,2019-04-18,,0.000734
10104,2019-04-22,,0.001834
10104,2019-04-23,,0.005859
10104,2019-04-24,,0.004368
10104,2019-04-25,,-0.003081
10104,2019-04-26,,0.007271
10104,2019-04-29,,-0.005956
10104,2019-04-30,,0.004539
10104,2019-05-01,,-0.008133
10104,2019-05-02,,-0.005102
10104,2019-05-03,,0.003480
10104,2019-05-06,,0.001095
10104,2019-05-07,,-0.015497
10104,2019-05-08,,-0.000185
10104,2019-05-09,,0.004816
10104,2019-05-10,,0.007373
10104,2019-05-13,,-0.022324
10104,2019-05-14,,0.013101
10104,2019-05-15,,0.007944
10104,2019-05-16,,0.001466
10104,2019-05-17,,-0.002562
10104,2019-05-20,,-0.015413
10104,2019-05-21,,0.009504
10104,2019-05-22,,0.000554
10104,2019-05-23,,-0.020664
10104,2019-05-24,,-0.005840
10104,2019-05-28,,-0.019329
10104,2019-05-29,,-0.001159
10104,2019-05-30,,0.000580
10104,2019-05-31,,-0.021655
10104,2019-06-03,,-0.007115
10104,2019-06-04,,0.035430
10104,2019-06-05,,0.001538
10104,2019-06-06,,0.009405
10104,2019-06-07,,0.012740
10104,2019-06-10,,0.014082
10104,2019-06-11,,-0.001296
10104,2019-06-12,,-0.005933
10104,2019-06-13,,0.004103
10104,2019-06-14,,-0.010401
10104,2019-06-17,,-0.002815
10104,2019-06-18,,-0.004329
10104,2019-06-19,,-0.004159
10104,2019-06-20,,0.081815
10104,2019-06-21,,-0.015266
10104,2019-06-24,,0.011048
10104,2019-06-25,,-0.011808
10104,2019-06-26,,0.010523
10104,2019-06-27,,0.001941
10104,2019-06-28,,0.003523
10104,2019-07-01,,0.018255
10104,2019-07-02,,0.007757
10104,2019-07-03,,0.006842
10104,2019-07-05,,0.007136
10104,2019-07-08,,0.004217
10104,2019-07-09,,0.001176
10104,2019-07-10,,0.009228
10104,2019-07-11,,-0.002660
10104,2019-07-12,,-0.003001
10104,2019-07-15,,-0.004682
10104,2019-07-16,0.24000,-0.015454
10104,2019-07-17,,-0.010578
10104,2019-07-18,,0.002242
10104,2019-07-19,,-0.009979
10104,2019-07-22,,0.001043
10104,2019-07-23,,-0.002604
10104,2019-07-24,,0.011488
10104,2019-07-25,,0.003098
10104,2019-07-26,,0.003603
10104,2019-07-29,,-0.007521
10104,2019-07-30,,-0.009817
10104,2019-07-31,,-0.020699
10104,2019-08-01,,-0.007460
10104,2019-08-02,,-0.000716
10104,2019-08-05,,-0.037249
10104,2019-08-06,,0.003720
10104,2019-08-07,,-0.011490
10104,2019-08-08,,0.024559
10104,2019-08-09,,-0.013724
10104,2019-08-12,,-0.012059
10104,2019-08-13,,0.013521
10104,2019-08-14,,-0.030573
10104,2019-08-15,,0.005161
10104,2019-08-16,,0.019015
10104,2019-08-19,,0.005225
10104,2019-08-20,,-0.016521
10104,2019-08-21,,0.004908
10104,2019-08-22,,-0.000939
10104,2019-08-23,,-0.030269
10104,2019-08-26,,0.010663
10104,2019-08-27,,0.004987
10104,2019-08-28,,-0.008399
10104,2019-08-29,,0.004042
10104,2019-08-30,,-0.001917
10104,2019-09-03,,-0.003266
10104,2019-09-04,,0.020813
10104,2019-09-05,,0.016424
10104,2019-09-06,,-0.012630
10104,2019-09-09,,0.025959
10104,2019-09-10,,0.017052
10104,2019-09-11,,0.014783
10104,2019-09-12,,-0.042636
10104,2019-09-13,,-0.002598
10104,2019-09-16,,-0.011349
10104,2019-09-17,,-0.005081
10104,2019-09-18,,-0.005863
10104,2019-09-19,,0.015411
10104,2019-09-20,,0.001874
10104,2019-09-23,,0.010286
10104,2019-09-24,,-0.012403
10104,2019-09-25,,0.009185
10104,2019-09-26,,0.002229
10104,2019-09-27,,0.002409
10104,2019-09-30,,0.017378
10104,2019-10-01,,-0.022351
10104,2019-10-02,,-0.012082
10104,2019-10-03,,0.013358
10104,2019-10-04,,0.023765
10104,2019-10-07,,-0.006166
10104,2019-10-08,,-0.013686
10104,2019-10-09,0.24000,0.008881
10104,2019-10-10,,0.017605
10104,2019-10-11,,0.025230
10104,2019-10-14,,-0.007558
10104,2019-10-15,,-0.001948
10104,2019-10-16,,-0.008341
10104,2019-10-17,,-0.014674
10104,2019-10-18,,-0.009263
10104,2019-10-21,,0.010632
10104,2019-10-22,,-0.018502
10104,2019-10-23,,0.000370
10104,2019-10-24,,0.002402
10104,2019-10-25,,-0.001659
10104,2019-10-28,,0.008676
10104,2019-10-29,,0.002928
10104,2019-10-30,,0.000912
10104,2019-10-31,,-0.006563
10104,2019-11-01,,0.009359
10104,2019-11-04,,0.008182
10104,2019-11-05,,0.003967
10104,2019-11-06,,0.000539
10104,2019-11-07,,0.005027
10104,2019-11-08,,0.009110
10104,2019-11-11,,-0.001062
10104,2019-11-12,,0.002835
10104,2019-11-13,,-0.006715
10104,2019-11-14,,-0.002135
10104,2019-11-15,,0.005883
10104,2019-11-18,,-0.004077
10104,2019-11-19,,0.001424
10104,2019-11-20,,-0.000533
10104,2019-11-21,,-0.000178
10104,2019-11-22,,0.002845
10104,2019-11-25,,0.003015
10104,2019-11-26,,-0.000884
10104,2019-11-27,,0.001770
10104,2019-11-29,,-0.008302
10104,2019-12-02,,-0.012647
10104,2019-12-03,,-0.015154
10104,2019-12-04,,-0.003297
10104,2019-12-05,,0.004962
10104,2019-12-06,,0.002743
10104,2019-12-09,,0.008754
10104,2019-12-10,,0.009221
10104,2019-12-11,,0.008778
10104,2019-12-12,,0.002841
10104,2019-12-13,,-0.034709
10104,2019-12-16,,-0.009539
10104,2019-12-17,,-0.021300
10104,2019-12-18,,0.010409
10104,2019-12-19,,-0.002809
10104,2019-12-20,,0.006762
10104,2019-12-23,,0.002052
10104,2019-12-24,,-0.005027
10104,2019-12-26,,0.002433
10104,2019-12-27,,-0.002053
10104,2019-12-30,,-0.014216
10104,2019-12-31,,0.005313
10104,2020-01-02,,0.018309
10104,2020-01-03,,-0.003522
10104,2020-01-06,,0.005208
10104,2020-01-07,,0.002221
10104,2020-01-08,0.24000,-0.000554
10104,2020-01-09,,0.004619
10104,2020-01-10,,0.001287
10104,2020-01-13,,0.002388
10104,2020-01-14,,0.005497
10104,2020-01-15,,-0.002187
10104,2020-01-16,,0.012235
10104,2020-01-17,,-0.005412
10104,2020-01-21,,0.001633
10104,2020-01-22,,-0.009055
10104,2020-01-23,,0.004751
10104,2020-01-24,,-0.016551
10104,2020-01-27,,-0.025522
10104,2020-01-28,,0.014614
10104,2020-01-29,,-0.004863
10104,2020-01-30,,0.002068
10104,2020-01-31,,-0.016132
10104,2020-02-03,,0.012202
10104,2020-02-04,,0.017894
10104,2020-02-05,,0.012953
10104,2020-02-06,,-0.000548
10104,2020-02-07,,0.000183
10104,2020-02-10,,0.004934
10104,2020-02-11,,0.002910
10104,2020-02-12,,0.010517
10104,2020-02-13,,-0.007536
10104,2020-02-14,,0.002893
10104,2020-02-18,,-0.000361
10104,2020-02-19,,-0.000180
10104,2020-02-20,,0.001263
10104,2020-02-21,,-0.014952
10104,2020-02-24,,-0.037125
10104,2020-02-25,,-0.032099
10104,2020-02-26,,0.021389
10104,2020-02-27,,-0.024400
10104,2020-02-28,,-0.025994
10104,2020-03-02,,0.029114
10104,2020-03-03,,-0.040275
10104,2020-03-04,,0.034596
10104,2020-03-05,,-0.050257
10104,2020-03-06,,-0.013125
10104,2020-03-09,,-0.028710
10104,2020-03-10,,0.055858
10104,2020-03-11,,-0.079457
10104,2020-03-12,,-0.110018
10104,2020-03-13,,0.204271
10104,2020-03-16,,-0.108700
10104,2020-03-17,,0.096910
10104,2020-03-18,,0.008749
10104,2020-03-19,,-0.046541
10104,2020-03-20,,0.012869
10104,2020-03-23,,-0.031983
10104,2020-03-24,,0.082598
10104,2020-03-25,,-0.039716
10104,2020-03-26,,0.098825
10104,2020-03-27,,-0.012876
10104,2020-03-30,,0.010636
10104,2020-03-31,,-0.040310
10104,2020-04-01,,0.007863
10104,2020-04-02,,0.022377
10104,2020-04-03,,-0.008032
10104,2020-04-06,,0.042308
10104,2020-04-07,,-0.014178
10104,2020-04-08,0.24000,0.026990
10104,2020-04-09,,0.020142
10104,2020-04-13,,-0.003949
10104,2020-04-14,,0.019445
10104,2020-04-15,,-0.015556
10104,2020-04-16,,0.010158
10104,2020-04-17,,0.017132
10104,2020-04-20,,-0.012999
10104,2020-04-21,,-0.048229
10104,2020-04-22,,0.018710
10104,2020-04-23,,-0.005739
10104,2020-04-24,,0.020011
10104,2020-04-27,,0.006791
10104,2020-04-28,,-0.003185
10104,2020-04-29,,0.012782
10104,2020-04-30,,-0.016889
10104,2020-05-01,,-0.022277
10104,2020-05-04,,-0.000772
10104,2020-05-05,,0.005797
10104,2020-05-06,,-0.003650
10104,2020-05-07,,0.014269
10104,2020-05-08,,0.018441
10104,2020-05-11,,-0.000747
10104,2020-05-12,,-0.023538
10104,2020-05-13,,-0.011861
10104,2020-05-14,,0.024395
10104,2020-05-15,,0.000189
10104,2020-05-18,,0.004346
10104,2020-05-19,,-0.015240
10104,2020-05-20,,0.010699
10104,2020-05-21,,-0.012854
10104,2020-05-22,,0.007660
10104,2020-05-26,,0.003041
10104,2020-05-27,,0.007958
10104,2020-05-28,,0.007895
10104,2020-05-29,,0.002797
10104,2020-06-01,,-0.013204
10104,2020-06-02,,0.004146
10104,2020-06-03,,0.003941
10104,2020-06-04,,-0.011965
10104,2020-06-05,,0.021381
10104,2020-06-08,,0.020748
10104,2020-06-09,,-0.016697
10104,2020-06-10,,-0.001292
10104,2020-06-11,,-0.051746
10104,2020-06-12,,0.010719
10104,2020-06-15,,0.026803
10104,2020-06-16,,0.025164
10104,2020-06-17,,-0.056237
10104,2020-06-18,,0.042120
10104,2020-06-19,,0.013224
10104,2020-06-22,,0.013235
10104,2020-06-23,,0.001270
10104,2020-06-24,,-0.013589
10104,2020-06-25,,0.001653
10104,2020-06-26,,-0.006418
10104,2020-06-29,,0.010705
10104,2020-06-30,,0.009313
10104,2020-07-01,,0.003980
10104,2020-07-02,,0.008110
10104,2020-07-06,,0.011798
10104,2020-07-07,,-0.005124
10104,2020-07-08,,0.006216
10104,2020-07-09,,0.015355
10104,2020-07-10,,-0.002434
10104,2020-07-13,,-0.006621
10104,2020-07-14,0.24000,0.003333
10104,2020-07-15,,-0.010140
10104,2020-07-16,,-0.014129
10104,2020-07-17,,-0.016482
10104,2020-07-20,,0.009107
10104,2020-07-21,,0.009206
10104,2020-07-22,,0.001789
10104,2020-07-23,,-0.004463
10104,2020-07-24,,-0.001973
10104,2020-07-27,,-0.005571
10104,2020-07-28,,0.000181
10104,2020-07-29,,0.006323
10104,2020-07-30,,-0.008079
10104,2020-07-31,,0.003620
10104,2020-08-03,,0.009558
10104,2020-08-04,,0.000357
10104,2020-08-05,,-0.008929
10104,2020-08-06,,-0.003964
10104,2020-08-07,,-0.000904
10104,2020-08-10,,-0.005251
10104,2020-08-11,,-0.012195
10104,2020-08-12,,-0.001843
10104,2020-08-13,,-0.002769
10104,2020-08-14,,0.003332
10104,2020-08-17,,-0.003875
10104,2020-08-18,,0.022041
10104,2020-08-19,,0.018485
10104,2020-08-20,,-0.016726
10104,2020-08-21,,-0.001267
10104,2020-08-24,,0.014858
10104,2020-08-25,,0.001428
10104,2020-08-26,,0.024960
10104,2020-08-27,,-0.005392
10104,2020-08-28,,0.012242
10104,2020-08-31,,-0.011403
10104,2020-09-01,,0.007690
10104,2020-09-02,,0.023760
10104,2020-09-03,,-0.032695
10104,2020-09-04,,-0.023993
10104,2020-09-08,,-0.007357
10104,2020-09-09,,0.029465
10104,2020-09-10,,0.006673
10104,2020-09-11,,-0.005756
10104,2020-09-14,,0.043158
10104,2020-09-15,,0.024891
10104,2020-09-16,,-0.008369
10104,2020-09-17,,-0.004137
10104,2020-09-18,,-0.007145
10104,2020-09-21,,0.017908
10104,2020-09-22,,-0.003288
10104,2020-09-23,,-0.027384
10104,2020-09-24,,0.005767
10104,2020-09-25,,0.008432
10104,2020-09-28,,-0.003679
10104,2020-09-29,,-0.001846
10104,2020-09-30,,0.003867
10104,2020-10-01,,-0.000335
10104,2020-10-02,,-0.014243
10104,2020-10-05,,0.012409
10104,2020-10-06,,-0.000840
10104,2020-10-07,0.24000,0.018148
10104,2020-10-08,,0.004951
10104,2020-10-09,,0.004270
10104,2020-10-12,,0.005069
10104,2020-10-13,,-0.007973
10104,2020-10-14,,-0.000164
10104,2020-10-15,,-0.007218
10104,2020-10-16,,-0.003800
10104,2020-10-19,,-0.011113
10104,2020-10-20,,0.002180
10104,2020-10-21,,-0.001339
10104,2020-10-22,,0.000335
10104,2020-10-23,,0.003518
10104,2020-10-26,,-0.040234
10104,2020-10-27,,-0.007132
10104,2020-10-28,,-0.026104
10104,2020-10-29,,0.007735
10104,2020-10-30,,0.001607
10104,2020-11-02,,0.006060
10104,2020-11-03,,0.006200
10104,2020-11-04,,-0.005458
10104,2020-11-05,,0.003009
10104,2020-11-06,,0.002471
10104,2020-11-09,,0.000704
10104,2020-11-10,,-0.002991
10104,2020-11-11,,0.009352
10104,2020-11-12,,-0.013112
10104,2020-11-13,,0.008149
10104,2020-11-16,,0.004217
10104,2020-11-17,,-0.000525
10104,2020-11-18,,-0.015231
10104,2020-11-19,,0.003556
10104,2020-11-20,,-0.013286
10104,2020-11-23,,0.006822
10104,2020-11-24,,0.026569
10104,2020-11-25,,-0.002779
10104,2020-11-27,,0.006096
10104,2020-11-30,,-0.000692
10104,2020-12-01,,0.017672
10104,2020-12-02,,0.005788
10104,2020-12-03,,0.003216
10104,2020-12-04,,0.011642
10104,2020-12-07,,-0.002668
10104,2020-12-08,,-0.012876
10104,2020-12-09,,0.011858
10104,2020-12-10,,-0.004186
10104,2020-12-11,,0.018998
10104,2020-12-14,,0.002475
10104,2020-12-15,,0.018104
10104,2020-12-16,,0.014872
10104,2020-12-17,,0.013221
10104,2020-12-18,,0.022795
10104,2020-12-21,,-0.008915
10104,2020-12-22,,0.010391
10104,2020-12-23,,0.002302
10104,2020-12-24,,-0.005207
10104,2020-12-28,,-0.001385
10104,2020-12-29,,-0.006320
10104,2020-12-30,,-0.000931
10104,2020-12-31,,0.004503
10104,2021-01-04,,-0.014531
10104,2021-01-05,,-0.012392
10104,2021-01-06,0.24000,-0.006194
10104,2021-01-07,,0.007991
10104,2021-01-08,,0.004915
10104,2021-01-11,,-0.005522
10104,2021-01-12,,-0.009678
10104,2021-01-13,,-0.005767
10104,2021-01-14,,-0.007412
10104,2021-01-15,,0.002922
10104,2021-01-19,,-0.007931
10104,2021-01-20,,0.004405
10104,2021-01-21,,-0.005686
10104,2021-01-22,,-0.013887
10104,2021-01-25,,0.008946
10104,2021-01-26,,0.014778
10104,2021-01-27,,0.012136
10104,2021-01-28,,-0.021263
10104,2021-01-29,,-0.012904
10104,2021-02-01,,0.017872
10104,2021-02-02,,0.013981
10104,2021-02-03,,-0.003207
10104,2021-02-04,,0.018980
10104,2021-02-05,,0.003946
10104,2021-02-08,,-0.007704
10104,2021-02-09,,0.008873
10104,2021-02-10,,-0.006282
10104,2021-02-11,,-0.009009
10104,2021-02-12,,0.006061
10104,2021-02-16,,-0.014902
10104,2021-02-17,,-0.000805
10104,2021-02-18,,-0.000322
10104,2021-02-19,,-0.015144
10104,2021-02-22,,0.054310
10104,2021-02-23,,0.000776
10104,2021-02-24,,0.003101
10104,2021-02-25,,0.009274
10104,2021-02-26,,-0.012098
10104,2021-03-01,,0.025732
10104,2021-03-02,,0.007405
10104,2021-03-03,,0.003750
10104,2021-03-04,,-0.019429
10104,2021-03-05,,0.066453
10104,2021-03-08,,0.031299
10104,2021-03-09,,0.006652
10104,2021-03-10,,-0.007159
10104,2021-03-11,,-0.065308
10104,2021-03-12,,-0.003709
10104,2021-03-15,,0.008487
10104,2021-03-16,,-0.012993
10104,2021-03-17,,-0.009424
10104,2021-03-18,,0.007853
10104,2021-03-19,,-0.007192
10104,2021-03-22,,0.000905
10104,2021-03-23,,0.014324
10104,2021-03-24,,-0.006541
10104,2021-03-25,,0.026934
10104,2021-03-26,,0.023605
10104,2021-03-29,,0.012527
10104,2021-03-30,,-0.008154
10104,2021-03-31,,-0.005386
10104,2021-04-01,,0.023372
10104,2021-04-05,,0.032725
10104,2021-04-06,,0.001618
10104,2021-04-07,0.32000,-0.002827
10104,2021-04-08,,0.016336
10104,2021-04-09,,0.003985
10104,2021-04-12,,0.007145
10104,2021-04-13,,0.007225
10104,2021-04-14,,0.001956
10104,2021-04-15,,0.019136
10104,2021-04-16,,0.008430
10104,2021-04-19,,-0.002533
10104,2021-04-20,,0.006222
10104,2021-04-21,,-0.032559
10104,2021-04-22,,-0.023350
10104,2021-04-23,,0.001336
10104,2021-04-26,,-0.006269
10104,2021-04-27,,0.009664
10104,2021-04-28,,-0.005983
10104,2021-04-29,,0.014712
10104,2021-04-30,,-0.001054
10104,2021-05-03,,0.020319
10104,2021-05-04,,0.015518
10104,2021-05-05,,0.008404
10104,2021-05-06,,0.006945
10104,2021-05-07,,0.008277
10104,2021-05-10,,-0.003109
10104,2021-05-11,,-0.030692
10104,2021-05-12,,-0.012099
10104,2021-05-13,,0.018111
10104,2021-05-14,,0.009598
10104,2021-05-17,,0.002408
10104,2021-05-18,,-0.004932
10104,2021-05-19,,0.000635
10104,2021-05-20,,-0.000254
10104,2021-05-21,,0.003938
10104,2021-05-24,,0.004429
10104,2021-05-25,,-0.006929
10104,2021-05-26,,0.005455
10104,2021-05-27,,-0.003533
10104,2021-05-28,,-0.003039
10104,2021-06-01,,0.010541
10104,2021-06-02,,0.008797
10104,2021-06-03,,0.010216
10104,2021-06-04,,0.022198
10104,2021-06-07,,0.012667
10104,2021-06-08,,0.007982
10104,2021-06-09,,-0.001064
10104,2021-06-10,,-0.026266
10104,2021-06-11,,0.007290
10104,2021-06-14,,-0.003378
10104,2021-06-15,,-0.011862
10104,2021-06-16,,-0.055855
10104,2021-06-17,,0.006227
10104,2021-06-18,,-0.017148
10104,2021-06-21,,0.023088
10104,2021-06-22,,0.008847
10104,2021-06-23,,-0.007372
10104,2021-06-24,,-0.004609
10104,2021-06-25,,0.009262
10104,2021-06-28,,0.000510
10104,2021-06-29,,-0.005096
10104,2021-06-30,,-0.003329
10104,2021-07-01,,0.021840
10104,2021-07-02,,0.028665
10104,2021-07-06,,0.015400
10104,2021-07-07,,0.036230
10104,2021-07-08,,-0.005808
10104,2021-07-09,,0.025353
10104,2021-07-12,,-0.007748
10104,2021-07-13,,-0.000115
10104,2021-07-14,0.32000,0.013897
10104,2021-07-15,,-0.023108
10104,2021-07-16,,0.014494
10104,2021-07-19,,-0.005829
10104,2021-07-20,,0.019315
10104,2021-07-21,,0.011617
10104,2021-07-22,,0.011150
10104,2021-07-23,,-0.033080
10104,2021-07-26,,0.001939
10104,2021-07-27,,-0.000683
10104,2021-07-28,,-0.007062
10104,2021-07-29,,0.005162
10104,2021-07-30,,-0.005592
10104,2021-08-02,,0.005279
10104,2021-08-03,,0.024429
10104,2021-08-04,,0.003454
10104,2021-08-05,,-0.006885
10104,2021-08-06,,0.001006
10104,2021-08-09,,0.004245
10104,2021-08-10,,-0.002892
10104,2021-08-11,,-0.000112
10104,2021-08-12,,0.002008
10104,2021-08-13,,0.006347
10104,2021-08-16,,0.004868
10104,2021-08-17,,0.001431
10104,2021-08-18,,-0.022100
10104,2021-08-19,,-0.002586
10104,2021-08-20,,0.002593
10104,2021-08-23,,0.002024
10104,2021-08-24,,-0.006396
10104,2021-08-25,,0.000791
10104,2021-08-26,,0.001128
10104,2021-08-27,,0.007101
10104,2021-08-30,,0.001119
10104,2021-08-31,,-0.003577
10104,2021-09-01,,0.009200
10104,2021-09-02,,-0.001668
10104,2021-09-03,,0.002227
10104,2021-09-07,,-0.014222
10104,2021-09-08,,0.008454
10104,2021-09-09,,0.000782
10104,2021-09-10,,0.001564
10104,2021-09-13,,-0.008809
10104,2021-09-14,,-0.028125
10104,2021-09-15,,0.015511
10104,2021-09-16,,-0.005471
10104,2021-09-17,,-0.009857
10104,2021-09-20,,-0.002547
10104,2021-09-21,,0.008704
10104,2021-09-22,,0.017487
10104,2021-09-23,,0.011081
10104,2021-09-24,,0.005815
10104,2021-09-27,,0.012230
10104,2021-09-28,,-0.006041
10104,2021-09-29,,0.008399
10104,2021-09-30,,-0.045151
10104,2021-10-01,,0.029955
10104,2021-10-04,,-0.005349
10104,2021-10-05,,0.024983
10104,2021-10-06,,-0.001640
10104,2021-10-07,,0.010620
10104,2021-10-08,0.32000,0.022533
10104,2021-10-11,,0.009535
10104,2021-10-12,,0.002938
10104,2021-10-13,,0.008685
10104,2021-10-14,,-0.011618
10104,2021-10-15,,0.000525
10104,2021-10-18,,0.012378
10104,2021-10-19,,0.005699
10104,2021-10-20,,-0.004327
10104,2021-10-21,,-0.003518
10104,2021-10-22,,0.020249
10104,2021-10-25,,-0.003664
10104,2021-10-26,,-0.009296
10104,2021-10-27,,-0.009796
10104,2021-10-28,,0.002083
10104,2021-10-29,,-0.003014
10104,2021-11-01,,-0.016260
10104,2021-11-02,,0.015787
10104,2021-11-03,,0.002921
10104,2021-11-04,,-0.005408
10104,2021-11-05,,-0.007111
10104,2021-11-08,,0.002001
10104,2021-11-09,,-0.005781
10104,2021-11-10,,-0.008035
10104,2021-11-11,,0.002238
10104,2021-11-12,,-0.005317
10104,2021-11-15,,0.005131
10104,2021-11-16,,0.016911
10104,2021-11-17,,-0.002929
10104,2021-11-18,,-0.007028
10104,2021-11-19,,-0.007289
10104,2021-11-22,,0.006811
10104,2021-11-23,,-0.017651
10104,2021-11-24,,0.006886
10104,2021-11-26,,-0.013358
10104,2021-11-29,,0.006607
10104,2021-11-30,,-0.023671
10104,2021-12-01,,-0.010910
10104,2021-12-02,,0.002674
10104,2021-12-03,,-0.019447
10104,2021-12-06,,0.007933
10104,2021-12-07,,0.012480
10104,2021-12-08,,-0.012326
10104,2021-12-09,,-0.001911
10104,2021-12-10,,0.156134
10104,2021-12-13,,-0.016954
10104,2021-12-14,,-0.009912
10104,2021-12-15,,0.037641
10104,2021-12-16,,-0.004149
10104,2021-12-17,,-0.063941
10104,2021-12-20,,-0.051542
10104,2021-12-21,,-0.001419
10104,2021-12-22,,-0.018031
10104,2021-12-23,,-0.001558
10104,2021-12-27,,-0.002006
10104,2021-12-28,,-0.009940
10104,2021-12-29,,-0.004963
10104,2021-12-30,,-0.002267
10104,2021-12-31,,-0.009090
10104,2022-01-03,,0.007912
10104,2022-01-04,,0.010694
10104,2022-01-05,,-0.026790
10104,2022-01-06,0.32000,-0.001388
10104,2022-01-07,,0.013551
10104,2022-01-10,,0.020226
10104,2022-01-11,,-0.008961
10104,2022-01-12,,-0.001921
10104,2022-01-13,,-0.005888
10104,2022-01-14,,-0.001139
10104,2022-01-18,,-0.024404
10104,2022-01-19,,-0.025365
10104,2022-01-20,,-0.007916
10104,2022-01-21,,-0.006044
10104,2022-01-24,,0.002432
10104,2022-01-25,,-0.016380
10104,2022-01-26,,-0.018256
10104,2022-01-27,,0.002387
10104,2022-01-28,,0.008774
10104,2022-01-31,,0.008449
10104,2022-02-01,,-0.001479
10104,2022-02-02,,0.018016
10104,2022-02-03,,-0.006788
10104,2022-02-04,,0.002075
10104,2022-02-07,,-0.016685
10104,2022-02-08,,0.000619
10104,2022-02-09,,0.032925
10104,2022-02-10,,-0.019173
10104,2022-02-11,,-0.025657
10104,2022-02-14,,-0.010031
10104,2022-02-15,,0.010386
10104,2022-02-16,,-0.007271
10104,2022-02-17,,-0.046218
10104,2022-02-18,,-0.012710
10104,2022-02-22,,-0.006035
10104,2022-02-23,,-0.022261
10104,2022-02-24,,0.032289
10104,2022-02-25,,0.020585
10104,2022-02-28,,-0.004977
10104,2022-03-01,,0.000527
10104,2022-03-02,,0.029864
10104,2022-03-03,,-0.000383
10104,2022-03-04,,-0.022492
10104,2022-03-07,,-0.028370
10104,2022-03-08,,-0.013321
10104,2022-03-09,,0.037774
10104,2022-03-10,,0.007227
10104,2022-03-11,,0.015264
10104,2022-03-14,,-0.009638
10104,2022-03-15,,0.045803
10104,2022-03-16,,-0.007940
10104,2022-03-17,,0.008004
10104,2022-03-18,,0.013400
10104,2022-03-21,,-0.008815
10104,2022-03-22,,0.010376
10104,2022-03-23,,-0.017237
10104,2022-03-24,,0.023013
10104,2022-03-25,,-0.006201
10104,2022-03-28,,0.022880
10104,2022-03-29,,0.008254
10104,2022-03-30,,-0.011033
10104,2022-03-31,,-0.007558
10104,2022-04-01,,-0.008703
10104,2022-04-04,,0.025119
10104,2022-04-05,,-0.013441
10104,2022-04-06,,-0.009887
10104,2022-04-07,0.32000,-0.007063
10104,2022-04-08,,-0.007358
10104,2022-04-11,,-0.014579
10104,2022-04-12,,-0.005391
10104,2022-04-13,,0.005294
10104,2022-04-14,,-0.003762
10104,2022-04-18,,-0.015481
10104,2022-04-19,,0.017131
10104,2022-04-20,,0.009176
10104,2022-04-21,,-0.010088
10104,2022-04-22,,-0.041142
10104,2022-04-25,,0.010104
10104,2022-04-26,,-0.032086
10104,2022-04-27,,0.003355
10104,2022-04-28,,0.018459
10104,2022-04-29,,-0.035986
10104,2022-05-02,,0.008174
10104,2022-05-03,,-0.009595
10104,2022-05-04,,0.026197
10104,2022-05-05,,-0.032044
10104,2022-05-06,,-0.004258
10104,2022-05-09,,-0.013105
10104,2022-05-10,,0.013838
10104,2022-05-11,,-0.020681
10104,2022-05-12,,-0.004224
10104,2022-05-13,,0.006221
10104,2022-05-16,,-0.020514
10104,2022-05-17,,0.031129
10104,2022-05-18,,-0.049805
10104,2022-05-19,,-0.018448
10104,2022-05-20,,0.023717
10104,2022-05-23,,0.020545
10104,2022-05-24,,-0.014420
10104,2022-05-25,,0.011589
10104,2022-05-26,,0.026207
10104,2022-05-27,,0.015629
10104,2022-05-31,,-0.011816
10104,2022-06-01,,-0.004449
10104,2022-06-02,,0.021508
10104,2022-06-03,,-0.018458
10104,2022-06-06,,0.016437
10104,2022-06-07,,-0.003837
10104,2022-06-08,,-0.018022
10104,2022-06-09,,-0.030261
10104,2022-06-10,,-0.030049
10104,2022-06-13,,-0.046023
10104,2022-06-14,,0.104137
10104,2022-06-15,,-0.014423
10104,2022-06-16,,-0.014204
10104,2022-06-17,,-0.014408
10104,2022-06-21,,-0.000591
10104,2022-06-22,,-0.016992
10104,2022-06-23,,0.016534
10104,2022-06-24,,0.045394
10104,2022-06-27,,-0.004102
10104,2022-06-28,,-0.025991
10104,2022-06-29,,0.009186
10104,2022-06-30,,0.009536
10104,2022-07-01,,0.014312
10104,2022-07-05,,0.015804
10104,2022-07-06,,-0.004584
10104,2022-07-07,,0.002372
10104,2022-07-08,,0.000557
10104,2022-07-11,0.32000,-0.004174
10104,2022-07-12,,-0.016208
10104,2022-07-13,,-0.005397
10104,2022-07-14,,-0.008282
10104,2022-07-15,,0.018575
10104,2022-07-18,,-0.007492
10104,2022-07-19,,0.028913
10104,2022-07-20,,0.004845
10104,2022-07-21,,0.026863
10104,2022-07-22,,0.004830
10104,2022-07-25,,-0.000534
10104,2022-07-26,,-0.011087
10104,2022-07-27,,0.024855
10104,2022-07-28,,0.015421
10104,2022-07-29,,0.010384
10104,2022-08-01,,-0.005139
10104,2022-08-02,,-0.014075
10104,2022-08-03,,0.013360
10104,2022-08-04,,0.000388
10104,2022-08-05,,-0.000646
10104,2022-08-08,,-0.011377
10104,2022-08-09,,0.003923
10104,2022-08-10,,0.010030
10104,2022-08-11,,-0.004901
10104,2022-08-12,,0.025791
10104,2022-08-15,,-0.000505
10104,2022-08-16,,0.005183
10104,2022-08-17,,-0.003395
10104,2022-08-18,,0.000883
10104,2022-08-19,,-0.008321
10104,2022-08-22,,-0.027969
10104,2022-08-23,,-0.000654
10104,2022-08-24,,-0.003141
10104,2022-08-25,,0.009453
10104,2022-08-26,,-0.029133
10104,2022-08-29,,-0.006162
10104,2022-08-30,,-0.000674
10104,2022-08-31,,0.000135
10104,2022-09-01,,0.015509
10104,2022-09-02,,-0.008234
10104,2022-09-06,,-0.011382
10104,2022-09-07,,0.008939
10104,2022-09-08,,0.002148
10104,2022-09-09,,0.016879
10104,2022-09-12,,0.015413
10104,2022-09-13,,-0.013492
10104,2022-09-14,,-0.051552
10104,2022-09-15,,-0.026068
10104,2022-09-16,,-0.020074
10104,2022-09-19,,0.003487
10104,2022-09-20,,-0.013899
10104,2022-09-21,,-0.019968
10104,2022-09-22,,-0.010787
10104,2022-09-23,,-0.022414
10104,2022-09-26,,-0.017041
10104,2022-09-27,,-0.016233
10104,2022-09-28,,0.010413
10104,2022-09-29,,-0.026478
10104,2022-09-30,,-0.005375
10104,2022-10-03,,0.032913
10104,2022-10-04,,0.041376
10104,2022-10-05,,0.014462
10104,2022-10-06,,-0.020108
10104,2022-10-07,,-0.030781
10104,2022-10-10,,-0.011376
10104,2022-10-11,0.32000,-0.002557
10104,2022-10-12,,0.021952
10104,2022-10-13,,0.022264
10104,2022-10-14,,-0.013650
10104,2022-10-17,,0.042140
10104,2022-10-18,,0.000149
10104,2022-10-19,,-0.010891
10104,2022-10-20,,0.044495
10104,2022-10-21,,0.049819
10104,2022-10-24,,0.003026
10104,2022-10-25,,0.003017
10104,2022-10-26,,0.022970
10104,2022-10-27,,0.004411
10104,2022-10-28,,0.029408
10104,2022-10-31,,0.009178
10104,2022-11-01,,-0.012297
10104,2022-11-02,,-0.025807
10104,2022-11-03,,-0.001198
10104,2022-11-04,,0.012928
10104,2022-11-07,,0.009737
10104,2022-11-08,,-0.014334
10104,2022-11-09,,0.000264
10104,2022-11-10,,0.019958
10104,2022-11-11,,0.007386
10104,2022-11-14,,0.010162
10104,2022-11-15,,0.008277
10104,2022-11-16,,0.008967
10104,2022-11-17,,-0.008637
10104,2022-11-18,,0.006692
10104,2022-11-21,,0.001129
10104,2022-11-22,,0.028815
10104,2022-11-23,,0.005358
10104,2022-11-25,,0.001938
10104,2022-11-28,,-0.016078
10104,2022-11-29,,-0.006635
10104,2022-11-30,,0.026964
10104,2022-12-01,,0.013007
10104,2022-12-02,,-0.009036
10104,2022-12-05,,-0.047031
10104,2022-12-06,,-0.006547
10104,2022-12-07,,-0.001648
10104,2022-12-08,,0.016375
10104,2022-12-09,,-0.002623
10104,2022-12-12,,0.017781
10104,2022-12-13,,-0.008858
10104,2022-12-14,,0.015641
10104,2022-12-15,,-0.021388
10104,2022-12-16,,-0.006120
10104,2022-12-19,,0.011561
10104,2022-12-20,,0.005466
10104,2022-12-21,,0.006919
10104,2022-12-22,,-0.012393
10104,2022-12-23,,0.004473
10104,2022-12-27,,0.001608
10104,2022-12-28,,-0.008027
10104,2022-12-29,,0.013320
10104,2022-12-30,,0.004177
10104,2023-01-03,,0.024223
10104,2023-01-04,,0.009078
10104,2023-01-05,,-0.002012
10104,2023-01-06,,0.016012
10104,2023-01-09,0.32000,0.008872
10104,2023-01-10,,0.000926
10104,2023-01-11,,0.024277
10104,2023-01-12,,0.002032
10104,2023-01-13,,0.004731
10104,2023-01-17,,-0.006726
10104,2023-01-18,,-0.021332
10104,2023-01-19,,-0.008880
10104,2023-01-20,,0.015243
10104,2023-01-23,,0.019713
10104,2023-01-24,,0.008205
10104,2023-01-25,,-0.000669
10104,2023-01-26,,0.002120
10104,2023-01-27,,-0.009351
10104,2023-01-30,,-0.018429
10104,2023-01-31,,0.012708
10104,2023-02-01,,0.017974
10104,2023-02-02,,-0.007440
10104,2023-02-03,,0.002685
10104,2023-02-06,,-0.012163
10104,2023-02-07,,-0.008924
10104,2023-02-08,,-0.011967
10104,2023-02-09,,-0.000461
10104,2023-02-10,,0.005655
10104,2023-02-13,,0.026165
10104,2023-02-14,,-0.003690
10104,2023-02-15,,-0.008418
10104,2023-02-16,,-0.007018
10104,2023-02-17,,-0.005016
10104,2023-02-21,,-0.012374
10104,2023-02-22,,0.001392
10104,2023-02-23,,0.026182
10104,2023-02-24,,0.000903
10104,2023-02-27,,-0.007895
10104,2023-02-28,,-0.006367
10104,2023-03-01,,-0.012128
10104,2023-03-02,,0.007297
10104,2023-03-03,,0.026216
10104,2023-03-06,,0.005490
10104,2023-03-07,,-0.015378
10104,2023-03-08,,0.001471
10104,2023-03-09,,-0.018307
10104,2023-03-10,,-0.032232
10104,2023-03-13,,0.010230
10104,2023-03-14,,-0.004357
10104,2023-03-15,,-0.018685
10104,2023-03-16,,0.022174
10104,2023-03-17,,0.005187
10104,2023-03-20,,0.019939
10104,2023-03-21,,0.007130
10104,2023-03-22,,0.003654
10104,2023-03-23,,-0.001365
10104,2023-03-24,,0.002620
10104,2023-03-27,,0.024202
10104,2023-03-28,,-0.003217
10104,2023-03-29,,0.008570
10104,2023-03-30,,-0.001214
10104,2023-03-31,,0.026627
10104,2023-04-03,,0.010762
10104,2023-04-04,,0.000852
10104,2023-04-05,,0.009468
10104,2023-04-06,,0.010855
10104,2023-04-10,0.40000,-0.022519
10104,2023-04-11,,0.002240
10104,2023-04-12,,-0.000745
10104,2023-04-13,,0.017572
10104,2023-04-14,,0.001674
10104,2023-04-17,,-0.001254
10104,2023-04-18,,0.009206
10104,2023-04-19,,-0.006842
10104,2023-04-20,,-0.010229
10104,2023-04-21,,0.003374
10104,2023-04-24,,0.003048
10104,2023-04-25,,-0.014459
10104,2023-04-26,,-0.003721
10104,2023-04-27,,0.014193
10104,2023-04-28,,-0.003367
10104,2023-05-01,,0.001584
10104,2023-05-02,,-0.000738
10104,2023-05-03,,-0.000211
10104,2023-05-04,,0.002005
10104,2023-05-05,,0.021059
10104,2023-05-08,,-0.001856
10104,2023-05-09,,-0.006716
10104,2023-05-10,,0.014354
10104,2023-05-11,,-0.000820
10104,2023-05-12,,0.004208
10104,2023-05-15,,-0.006030
10104,2023-05-16,,0.010179
10104,2023-05-17,,0.015471
10104,2023-05-18,,0.025759
10104,2023-05-19,,0.004886
10104,2023-05-22,,-0.010405
10104,2023-05-23,,-0.031738
10104,2023-05-24,,-0.002233
10104,2023-05-25,,0.060720
10104,2023-05-26,,-0.002014
10104,2023-05-30,,0.010281
10104,2023-05-31,,0.007513
10104,2023-06-01,,0.000472
10104,2023-06-02,,-0.000943
10104,2023-06-05,,0.009822
10104,2023-06-06,,0.001590
10104,2023-06-07,,-0.017274
10104,2023-06-08,,0.021188
10104,2023-06-09,,0.022051
10104,2023-06-12,,0.059900
10104,2023-06-13,,0.002147
10104,2023-06-14,,0.047909
10104,2023-06-15,,0.035005
10104,2023-06-16,,-0.008613
10104,2023-06-20,,-0.027260
10104,2023-06-21,,0.000492
10104,2023-06-22,,-0.012449
10104,2023-06-23,,-0.016089
10104,2023-06-26,,-0.015678
10104,2023-06-27,,0.009077
10104,2023-06-28,,-0.011117
10104,2023-06-29,,0.010727
10104,2023-06-30,,0.011122
10104,2023-07-03,,-0.016290
10104,2023-07-05,,-0.010158
10104,2023-07-06,,-0.004398
10104,2023-07-07,,-0.007276
10104,2023-07-10,,-0.002007
10104,2023-07-11,0.40000,0.004371
10104,2023-07-12,,0.009923
10104,2023-07-13,,0.012325
10104,2023-07-14,,0.015496
10104,2023-07-17,,-0.003186
10104,2023-07-18,,0.015813
10104,2023-07-19,,-0.017223
10104,2023-07-20,,-0.023675
10104,2023-07-21,,0.015274
10104,2023-07-24,,0.003570
10104,2023-07-25,,-0.001016
10104,2023-07-26,,-0.020771
10104,2023-07-27,,0.007792
10104,2023-07-28,,-0.003522
10104,2023-07-31,,0.010691
10104,2023-08-01,,0.005801
10104,2023-08-02,,-0.018658
10104,2023-08-03,,-0.010025
10104,2023-08-04,,-0.000960
10104,2023-08-07,,0.014505
10104,2023-08-08,,-0.007493
10104,2023-08-09,,-0.018485
10104,2023-08-10,,-0.000973
10104,2023-08-11,,0.000620
10104,2023-08-14,,0.022201
10104,2023-08-15,,0.014883
10104,2023-08-16,,-0.016625
10104,2023-08-17,,-0.003988
10104,2023-08-18,,0.013753
10104,2023-08-21,,0.001116
10104,2023-08-22,,-0.000429
10104,2023-08-23,,0.011155
10104,2023-08-24,,-0.041836
10104,2023-08-25,,0.027898
10104,2023-08-28,,0.006721
10104,2023-08-29,,0.032609
10104,2023-08-30,,0.003896
10104,2023-08-31,,-0.006027
10104,2023-09-01,,0.004485
10104,2023-09-05,,0.025221
10104,2023-09-06,,0.002823
10104,2023-09-07,,0.006113
10104,2023-09-08,,0.009833
10104,2023-09-11,,0.003087
10104,2023-09-12,,-0.134954
10104,2023-09-13,,0.020345
10104,2023-09-14,,0.016273
10104,2023-09-15,,0.002200
10104,2023-09-18,,-0.014924
10104,2023-09-19,,0.004991
10104,2023-09-20,,0.000887
10104,2023-09-21,,-0.030478
10104,2023-09-22,,-0.003655
10104,2023-09-25,,-0.006695
10104,2023-09-26,,-0.031579
10104,2023-09-27,,-0.002479
10104,2023-09-28,,0.014624
10104,2023-09-29,,-0.002167
10104,2023-10-02,,0.007458
10104,2023-10-03,,-0.020523
10104,2023-10-04,,0.024493
10104,2023-10-05,,0.011860
10104,2023-10-06,,0.014859
10104,2023-10-09,,0.003274
10104,2023-10-10,,-0.005529
10104,2023-10-11,0.40000,-0.000638
10104,2023-10-12,,-0.004834
10104,2023-10-13,,-0.007882
10104,2023-10-16,,0.004249
10104,2023-10-17,,0.003036
10104,2023-10-18,,-0.007245
10104,2023-10-19,,0.000831
10104,2023-10-20,,-0.059904
10104,2023-10-23,,0.017771
10104,2023-10-24,,-0.004438
10104,2023-10-25,,-0.017151
10104,2023-10-26,,-0.010155
10104,2023-10-27,,0.005876
10104,2023-10-30,,0.006535
10104,2023-10-31,,0.017216
10104,2023-11-01,,0.022727
10104,2023-11-02,,0.010591
10104,2023-11-03,,0.011041
10104,2023-11-06,,0.009810
10104,2023-11-07,,-0.001100
10104,2023-11-08,,0.030645
10104,2023-11-09,,-0.001335
10104,2023-11-10,,0.007934
10104,2023-11-13,,0.009552
10104,2023-11-14,,0.017083
10104,2023-11-15,,-0.017571
10104,2023-11-16,,0.005348
10104,2023-11-17,,0.006017
10104,2023-11-20,,0.013523
10104,2023-11-21,,-0.007184
10104,2023-11-22,,0.001378
10104,2023-11-24,,0.000086
10104,2023-11-27,,0.001892
10104,2023-11-28,,-0.001975
10104,2023-11-29,,-0.000258
10104,2023-11-30,,0.000000
10104,2023-12-01,,0.008175
10104,2023-12-04,,-0.011779
10104,2023-12-05,,-0.010796
10104,2023-12-06,,-0.021828
10104,2023-12-07,,0.007498
10104,2023-12-08,,0.006556
10104,2023-12-11,,0.013379
10104,2023-12-12,,-0.124381
10104,2023-12-13,,0.021625
10104,2023-12-14,,-0.026022
10104,2023-12-15,,0.030007
10104,2023-12-18,,0.016260
10104,2023-12-19,,0.011905
10104,2023-12-20,,-0.019765
10104,2023-12-21,,0.016419
10104,2023-12-22,,0.003212
10104,2023-12-26,,-0.000094
10104,2023-12-27,,-0.002354
10104,2023-12-28,,0.002926
10104,2023-12-29,,-0.007718
10104,2024-01-02,,-0.012994
10104,2024-01-03,,-0.015376
10104,2024-01-04,,0.001269
10104,2024-01-05,,0.001365
10104,2024-01-08,,0.018787
10104,2024-01-09,,-0.009841
10104,2024-01-10,0.40000,0.002798
10104,2024-01-11,,0.008179
10104,2024-01-12,,0.017467
10104,2024-01-16,,-0.000281
10104,2024-01-17,,-0.001314
10104,2024-01-18,,0.021329
10104,2024-01-19,,0.008924
10104,2024-01-22,,0.003921
10104,2024-01-23,,0.015713
10104,2024-01-24,,0.022176
10104,2024-01-25,,0.006036
10104,2024-01-26,,-0.003130
10104,2024-01-29,,-0.007763
10104,2024-01-30,,0.003604
10104,2024-01-31,,-0.021549
10104,2024-02-01,,0.034288
10104,2024-02-02,,0.002251
10104,2024-02-05,,0.005182
10104,2024-02-06,,-0.009365
10104,2024-02-07,,0.017086
10104,2024-02-08,,-0.005031
10104,2024-02-09,,-0.000343
10104,2024-02-12,,-0.006859
10104,2024-02-13,,-0.018646
10104,2024-02-14,,0.005102
10104,2024-02-15,,-0.012953
10104,2024-02-16,,-0.013034
10104,2024-02-20,,-0.025694
10104,2024-02-21,,-0.002674
10104,2024-02-22,,0.026350
10104,2024-02-23,,0.008468
10104,2024-02-26,,-0.008754
10104,2024-02-27,,0.003695
10104,2024-02-28,,0.002694
10104,2024-02-29,,0.000000
10104,2024-03-01,,0.018804
10104,2024-03-04,,0.002461
10104,2024-03-05,,-0.027354
10104,2024-03-06,,0.011988
10104,2024-03-07,,0.020219
10104,2024-03-08,,-0.018509
10104,2024-03-11,,0.015211
10104,2024-03-12,,0.117498
10104,2024-03-13,,-0.015838
10104,2024-03-14,,0.000080
10104,2024-03-15,,0.000080
10104,2024-03-18,,0.018002
10104,2024-03-19,,0.010876
10104,2024-03-20,,0.000387
10104,2024-03-21,,-0.001780
10104,2024-03-22,,-0.009457
10104,2024-03-25,,-0.013381
10104,2024-03-26,,0.003093
10104,2024-03-27,,-0.009488
10104,2024-03-28,,0.002714
10104,2024-04-01,,-0.001035
10104,2024-04-02,,-0.009085
10104,2024-04-03,,0.015281
10104,2024-04-04,,-0.016239
10104,2024-04-05,,0.005717
10104,2024-04-08,,-0.004404
10104,2024-04-09,0.40000,-0.009007
10104,2024-04-10,,-0.012010
10104,2024-04-11,,0.012238
10104,2024-04-12,,-0.017283
10104,2024-04-15,,-0.010156
10104,2024-04-16,,0.006173
10104,2024-04-17,,-0.016167
10104,2024-04-18,,-0.022499
10104,2024-04-19,,-0.009655
10104,2024-04-22,,-0.003047
10104,2024-04-23,,0.004890
10104,2024-04-24,,0.002172
10104,2024-04-25,,-0.003901
10104,2024-04-26,,0.020193
10104,2024-04-29,,-0.006143
10104,2024-04-30,,-0.023521
10104,2024-05-01,,0.007736
10104,2024-05-02,,0.002879
10104,2024-05-03,,0.007307
10104,2024-05-06,,0.021934
10104,2024-05-07,,-0.003465
10104,2024-05-08,,-0.004579
10104,2024-05-09,,-0.006389
10104,2024-05-10,,0.000257
10104,2024-05-13,,-0.002571
10104,2024-05-14,,0.038670
10104,2024-05-15,,0.006288
10104,2024-05-16,,0.004358
10104,2024-05-17,,0.010969
10104,2024-05-20,,0.008259
10104,2024-05-21,,0.000883
10104,2024-05-22,,-0.000241
10104,2024-05-23,,-0.004093
10104,2024-05-24,,-0.009509
10104,2024-05-28,,0.012855
10104,2024-05-29,,-0.006025
10104,2024-05-30,,-0.053742
10104,2024-05-31,,0.000854
10104,2024-06-03,,0.017834
10104,2024-06-04,,0.006623
10104,2024-06-05,,0.021321
10104,2024-06-06,,0.007095
10104,2024-06-07,,0.019595
10104,2024-06-10,,-0.011277
10104,2024-06-11,,-0.004980
10104,2024-06-12,,0.133193
10104,2024-06-13,,-0.003775
10104,2024-06-14,,-0.012299
10104,2024-06-17,,0.023022
10104,2024-06-18,,0.023565
10104,2024-06-20,,-0.011961
10104,2024-06-21,,-0.009866
10104,2024-06-24,,-0.011378
10104,2024-06-25,,-0.005147
10104,2024-06-26,,-0.006754
10104,2024-06-27,,0.014107
10104,2024-06-28,,0.007276
10104,2024-07-01,,0.013385
10104,2024-07-02,,0.001328
10104,2024-07-03,,0.007677
10104,2024-07-05,,0.003117
10104,2024-07-08,,0.001381
10104,2024-07-09,,-0.029994
10104,2024-07-10,,0.009881
10104,2024-07-11,0.40000,0.004857
10104,2024-07-12,,0.014080
10104,2024-07-15,,-0.011743
10104,2024-07-16,,-0.003215
10104,2024-07-17,,-0.023491
10104,2024-07-18,,-0.008832
10104,2024-07-19,,0.003840
10104,2024-07-22,,0.011620
10104,2024-07-23,,0.020975
10104,2024-07-24,,-0.030326
10104,2024-07-25,,-0.006846
10104,2024-07-26,,0.008634
10104,2024-07-29,,-0.005036
10104,2024-07-30,,-0.019088
10104,2024-07-31,,0.027862
10104,2024-08-01,,-0.013912
10104,2024-08-02,,-0.030761
10104,2024-08-05,,-0.040666
10104,2024-08-06,,0.002737
10104,2024-08-07,,-0.018017
10104,2024-08-08,,0.024305
10104,2024-08-09,,0.024038
10104,2024-08-12,,0.003938
10104,2024-08-13,,0.012672
10104,2024-08-14,,0.009981
10104,2024-08-15,,0.009808
10104,2024-08-16,,0.003944
10104,2024-08-19,,0.003273
10104,2024-08-20,,0.009063
10104,2024-08-21,,0.007401
10104,2024-08-22,,-0.015121
10104,2024-08-23,,0.008039
10104,2024-08-26,,-0.002084
10104,2024-08-27,,-0.003024
10104,2024-08-28,,-0.004333
10104,2024-08-29,,0.011169
10104,2024-08-30,,0.013413
10104,2024-09-03,,-0.012669
10104,2024-09-04,,0.008961
10104,2024-09-05,,0.013215
10104,2024-09-06,,-0.005610
10104,2024-09-09,,-0.013539
10104,2024-09-10,,0.114376
10104,2024-09-11,,0.008275
10104,2024-09-12,,0.026721
10104,2024-09-13,,0.004028
10104,2024-09-16,,0.051225
10104,2024-09-17,,-0.016791
10104,2024-09-18,,-0.017555
10104,2024-09-19,,0.018598
10104,2024-09-20,,0.002446
10104,2024-09-23,,-0.012202
10104,2024-09-24,,-0.000904
10104,2024-09-25,,0.002895
10104,2024-09-26,,0.010945
10104,2024-09-27,,0.003807
10104,2024-09-30,,0.009838
10104,2024-10-01,,-0.019014
10104,2024-10-02,,0.003290
10104,2024-10-03,,-0.005068
10104,2024-10-04,,0.023972
10104,2024-10-07,,-0.005209
10104,2024-10-08,,0.025887
10104,2024-10-09,,0.022481
10104,2024-10-10,0.40000,-0.016153
10104,2024-10-11,,0.002052
10104,2024-10-14,,0.001991
10104,2024-10-15,,-0.011526
10104,2024-10-16,,0.003906
10104,2024-10-17,,0.005207
10104,2024-10-18,,-0.005635
10104,2024-10-21,,-0.005324
10104,2024-10-22,,0.008920
10104,2024-10-23,,-0.012606
10104,2024-10-24,,0.007395
10104,2024-10-25,,-0.004932
10104,2024-10-28,,-0.006339
10104,2024-10-29,,0.005858
10104,2024-10-30,,0.006516
10104,2024-10-31,,-0.038497
10104,2024-11-01,,0.012989
10104,2024-11-04,,-0.002529
10104,2024-11-05,,0.012914
10104,2024-11-06,,0.055070
10104,2024-11-07,,0.028305
10104,2024-11-08,,0.015453
10104,2024-11-11,,-0.000634
10104,2024-11-12,,0.002379
10104,2024-11-13,,0.000264
10104,2024-11-14,,-0.013605
10104,2024-11-15,,-0.017696
10104,2024-11-18,,0.010830
10104,2024-11-19,,0.017068
10104,2024-11-20,,0.009794
10104,2024-11-21,,0.008807
10104,2024-11-22,,-0.000728
10104,2024-11-25,,-0.022362
10104,2024-11-26,,0.012660
10104,2024-11-27,,-0.040290
10104,2024-11-29,,0.011713
10104,2024-12-02,,-0.018557
10104,2024-12-03,,0.008158
10104,2024-12-04,,0.028979
10104,2024-12-05,,-0.010362
10104,2024-12-06,,0.029263
10104,2024-12-09,,-0.006469
10104,2024-12-10,,-0.066737
10104,2024-12-11,,0.004726
10104,2024-12-12,,-0.018255
10104,2024-12-13,,-0.011008
10104,2024-12-16,,-0.012457
10104,2024-12-17,,-0.008877
10104,2024-12-18,,-0.025337
10104,2024-12-19,,0.020434
10104,2024-12-20,,0.005154
10104,2024-12-23,,-0.003065
10104,2024-12-24,,0.013421
10104,2024-12-26,,0.001575
10104,2024-12-27,,-0.015843
10104,2024-12-30,,-0.012133
10104,2024-12-31,,-0.001618
