Date,	TB3MS,	SP500,	Dividend,	Earnings,	Risk-free
01/01/34	,0.72	,10.54	    ,0.44	,0.44	,1.000598029
01/02/34	,0.62	,11.32	    ,0.44	,0.45	,1.000515204
01/03/34	,0.24	,10.74	    ,0.44	,0.45	,1.00019978
01/04/34	,0.15	,10.92	    ,0.44	,0.46	,1.000124914
01/05/34	,0.16	,9.81	    ,0.44	,0.46	,1.000133236
01/06/34	,0.15	,9.94	    ,0.45	,0.47	,1.000124914
01/07/34	,0.15	,9.47	    ,0.45	,0.47	,1.000124914
01/08/34	,0.19	,9.10	    ,0.45	,0.47	,1.000158196
01/09/34	,0.21	,8.88	    ,0.45	,0.48	,1.000174832
01/10/34	,0.27	,8.95	    ,0.45	,0.48	,1.000224722
01/11/34	,0.25	,9.20	    ,0.45	,0.49	,1.000208095
01/12/34	,0.23	,9.26	    ,0.45	,0.49	,1.000191465
01/01/35	,0.2	,9.26	    ,0.45	,0.57	,1.000166514
01/02/35	,0.19	,8.98	    ,0.45	,0.65	,1.000158196
01/03/35	,0.15	,8.41	    ,0.45	,0.73	,1.000124914
01/04/35	,0.15	,9.04	    ,0.45	,0.76	,1.000124914
01/05/35	,0.15	,9.75	    ,0.44	,0.78	,1.000124914
01/06/35	,0.15	,10.12	    ,0.44	,0.81	,1.000124914
01/07/35	,0.15	,10.65	    ,0.44	,0.79	,1.000124914
01/08/35	,0.16	,11.37	    ,0.44	,0.78	,1.000133236
01/09/35	,0.2	,11.61	    ,0.44	,0.76	,1.000166514
01/10/35	,0.2	,11.92	    ,0.45	,0.76	,1.000166514
01/11/35	,0.16	,13.04	    ,0.46	,0.76	,1.000133236
01/12/35	,0.15	,13.04	    ,0.47	,0.76	,1.000124914
01/01/36	,0.2	,13.76	    ,0.48	,0.77	,1.000166514
01/02/36	,0.2	,14.55	    ,0.49	,0.78	,1.000166514
01/03/36	,0.2	,14.86	    ,0.50	,0.79	,1.000166514
01/04/36	,0.2	,14.88	    ,0.52	,0.82	,1.000166514
01/05/36	,0.2	,14.09	    ,0.53	,0.85	,1.000166514
01/06/36	,0.2	,14.69	    ,0.55	,0.88	,1.000166514
01/07/36	,0.15	,15.56	    ,0.57	,0.90	,1.000124914
01/08/36	,0.2	,15.87	    ,0.59	,0.92	,1.000166514
01/09/36	,0.16	,16.05	    ,0.61	,0.94	,1.000133236
01/10/36	,0.13	,16.89	    ,0.65	,0.97	,1.000108269
01/11/36	,0.11	,17.36	    ,0.68	,0.99	,1.00009162
01/12/36	,0.12	,17.06	    ,0.72	,1.02	,1.000099945
01/01/37	,0.17	,17.59	    ,0.73	,1.05	,1.000141556
01/02/37	,0.15	,18.11	    ,0.74	,1.08	,1.000124914
01/03/37	,0.38	,18.09	    ,0.75	,1.11	,1.000316116
01/04/37	,0.56	,17.01	    ,0.78	,1.13	,1.000465473
01/05/37	,0.41	,16.25	    ,0.81	,1.15	,1.000341026
01/06/37	,0.36	,15.64	    ,0.84	,1.17	,1.000299506
01/07/37	,0.28	,16.57	    ,0.82	,1.19	,1.000233034
01/08/37	,0.29	,16.74	    ,0.79	,1.20	,1.000241346
01/09/37	,0.31	,14.37	    ,0.77	,1.22	,1.000257967
01/10/37	,0.2	,12.28	    ,0.78	,1.19	,1.000166514
01/11/37	,0.09	,11.20	    ,0.79	,1.16	,1.000074969
01/12/37	,0.11	,11.02	    ,0.80	,1.13	,1.00009162
01/01/38	,0.1	,11.31	    ,0.79	,1.08	,1.000083295
01/02/38	,0.08	,11.04	    ,0.79	,1.02	,1.000066642
01/03/38	,0.08	,10.31	    ,0.78	,0.97	,1.000066642
01/04/38	,0.09	,9.89	    ,0.77	,0.90	,1.000074969
01/05/38	,0.05	,9.98	    ,0.75	,0.84	,1.000041657
01/06/38	,0.05	,10.21	    ,0.74	,0.77	,1.000041657
01/07/38	,0.07	,12.24	    ,0.71	,0.72	,1.000058315
01/08/38	,0.06	,12.31	    ,0.69	,0.67	,1.000049986
01/09/38	,0.08	,11.75	    ,0.66	,0.62	,1.000066642
01/10/38	,0.05	,13.06	    ,0.61	,0.63	,1.000041657
01/11/38	,0.04	,13.07	    ,0.56	,0.63	,1.000033327
01/12/38	,0.03	,12.69	    ,0.51	,0.64	,1.000024997
01/01/39	,0.03	,12.50	    ,0.51	,0.66	,1.000024997
01/02/39	,0.03	,12.40	    ,0.52	,0.69	,1.000024997
01/03/39	,0.03	,12.39	    ,0.52	,0.71	,1.000024997
01/04/39	,0.03	,10.83	    ,0.52	,0.73	,1.000024997
01/05/39	,0.03	,11.23	    ,0.53	,0.74	,1.000024997
01/06/39	,0.03	,11.43	    ,0.53	,0.76	,1.000024997
01/07/39	,0.04	,11.71	    ,0.54	,0.78	,1.000033327
01/08/39	,0.05	,11.54	    ,0.55	,0.79	,1.000041657
01/09/39	,0.14	,12.77	    ,0.56	,0.81	,1.000116592
01/10/39	,0.05	,12.90	    ,0.58	,0.84	,1.000041657
01/11/39	,0.05	,12.67	    ,0.60	,0.87	,1.000041657
01/12/39	,0.04	,12.37	    ,0.62	,0.90	,1.000033327
01/01/40	,0.01	,12.30	    ,0.62	,0.93	,1.000008333
01/02/40	,0.02	,12.22	    ,0.63	,0.96	,1.000016665
01/03/40	,0.02	,12.15	    ,0.63	,0.99	,1.000016665
01/04/40	,0.02	,12.27	    ,0.64	,1.01	,1.000016665
01/05/40	,0.06	,10.58	    ,0.64	,1.02	,1.000049986
01/06/40	,0.1	,9.67	    ,0.65	,1.04	,1.000083295
01/07/40	,0.05	,9.99	    ,0.66	,1.05	,1.000041657
01/08/40	,0.04	,10.20	    ,0.66	,1.07	,1.000033327
01/09/40	,0.05	,10.63	    ,0.67	,1.08	,1.000041657
01/10/40	,0.02	,10.73	    ,0.67	,1.07	,1.000016665
01/11/40	,0.02	,10.98	    ,0.67	,1.06	,1.000016665
01/12/40	,0.02	,10.53	    ,0.67	,1.05	,1.000016665
01/01/41	,0.02	,10.55	    ,0.67	,1.05	,1.000016665
01/02/41	,0.04	,9.89	    ,0.68	,1.06	,1.000033327
01/03/41	,0.11	,9.95	    ,0.68	,1.06	,1.00009162
01/04/41	,0.1	,9.64	    ,0.68	,1.07	,1.000083295
01/05/41	,0.11	,9.43	    ,0.69	,1.08	,1.00009162
01/06/41	,0.12	,9.76	    ,0.69	,1.09	,1.000099945
01/07/41	,0.12	,10.26	    ,0.69	,1.12	,1.000099945
01/08/41	,0.13	,10.21	    ,0.70	,1.16	,1.000108269
01/09/41	,0.1	,10.24	    ,0.70	,1.19	,1.000083295
01/10/41	,0.09	,9.83	    ,0.70	,1.18	,1.000074969
01/11/41	,0.28	,9.37	    ,0.71	,1.17	,1.000233034
01/12/41	,0.33	,8.76	    ,0.71	,1.16	,1.000274585
01/01/42	,0.27	,8.93	    ,0.70	,1.12	,1.000224722
01/02/42	,0.25	,8.65	    ,0.70	,1.08	,1.000208095
01/03/42	,0.25	,8.18	    ,0.69	,1.04	,1.000208095
01/04/42	,0.32	,7.84	    ,0.68	,1.02	,1.000266276
01/05/42	,0.37	,7.93	    ,0.67	,1.00	,1.000307812
01/06/42	,0.37	,8.33	    ,0.66	,0.98	,1.000307812
01/07/42	,0.38	,8.64	    ,0.65	,0.97	,1.000316116
01/08/42	,0.38	,8.59	    ,0.63	,0.95	,1.000316116
01/09/42	,0.38	,8.68	    ,0.62	,0.94	,1.000316116
01/10/42	,0.38	,9.32	    ,0.61	,0.97	,1.000316116
01/11/42	,0.38	,9.47	    ,0.60	,1.00	,1.000316116
01/12/42	,0.38	,9.52	    ,0.59	,1.03	,1.000316116
01/01/43	,0.38	,10.09	    ,0.59	,1.04	,1.000316116
01/02/43	,0.38	,10.69	    ,0.59	,1.06	,1.000316116
01/03/43	,0.38	,11.07	    ,0.59	,1.07	,1.000316116
01/04/43	,0.38	,11.44	    ,0.59	,1.08	,1.000316116
01/05/43	,0.38	,11.89	    ,0.59	,1.09	,1.000316116
01/06/43	,0.38	,12.10	    ,0.59	,1.10	,1.000316116
01/07/43	,0.38	,12.35	    ,0.59	,1.09	,1.000316116
01/08/43	,0.38	,11.74	    ,0.60	,1.09	,1.000316116
01/09/43	,0.38	,11.99	    ,0.60	,1.08	,1.000316116
01/10/43	,0.38	,11.88	    ,0.60	,1.03	,1.000316116
01/11/43	,0.38	,11.33	    ,0.61	,0.99	,1.000316116
01/12/43	,0.38	,11.48	    ,0.61	,0.94	,1.000316116
01/01/44	,0.38	,11.85	    ,0.61	,0.94	,1.000316116
01/02/44	,0.38	,11.77	    ,0.62	,0.93	,1.000316116
01/03/44	,0.38	,12.10	    ,0.62	,0.93	,1.000316116
01/04/44	,0.38	,11.89	    ,0.62	,0.93	,1.000316116
01/05/44	,0.38	,12.10	    ,0.63	,0.92	,1.000316116
01/06/44	,0.38	,12.67	    ,0.63	,0.92	,1.000316116
01/07/44	,0.38	,13.00	    ,0.63	,0.91	,1.000316116
01/08/44	,0.38	,12.81	    ,0.64	,0.91	,1.000316116
01/09/44	,0.38	,12.60	    ,0.64	,0.90	,1.000316116
01/10/44	,0.38	,12.91	    ,0.64	,0.91	,1.000316116
01/11/44	,0.38	,12.82	    ,0.64	,0.92	,1.000316116
01/12/44	,0.38	,13.10	    ,0.64	,0.93	,1.000316116
01/01/45	,0.38	,13.49	    ,0.64	,0.94	,1.000316116
01/02/45	,0.38	,13.94	    ,0.65	,0.95	,1.000316116
01/03/45	,0.38	,13.93	    ,0.65	,0.96	,1.000316116
01/04/45	,0.38	,14.28	    ,0.65	,0.97	,1.000316116
01/05/45	,0.38	,14.82	    ,0.65	,0.99	,1.000316116
01/06/45	,0.38	,15.09	    ,0.65	,1.00	,1.000316116
01/07/45	,0.38	,14.78	    ,0.65	,1.00	,1.000316116
01/08/45	,0.38	,14.83	    ,0.66	,0.99	,1.000316116
01/09/45	,0.38	,15.84	    ,0.66	,0.99	,1.000316116
01/10/45	,0.38	,16.50	    ,0.66	,0.98	,1.000316116
01/11/45	,0.38	,17.04	    ,0.66	,0.97	,1.000316116
01/12/45	,0.38	,17.33	    ,0.66	,0.96	,1.000316116
01/01/46	,0.38	,18.02	    ,0.67	,0.94	,1.000316116
01/02/46	,0.38	,18.07	    ,0.67	,0.92	,1.000316116
01/03/46	,0.38	,17.53	    ,0.68	,0.90	,1.000316116
01/04/46	,0.38	,18.66	    ,0.68	,0.88	,1.000316116
01/05/46	,0.38	,18.70	    ,0.68	,0.86	,1.000316116
01/06/46	,0.38	,18.58	    ,0.68	,0.84	,1.000316116
01/07/46	,0.38	,18.05	    ,0.68	,0.86	,1.000316116
01/08/46	,0.38	,17.70	    ,0.69	,0.87	,1.000316116
01/09/46	,0.38	,15.09	    ,0.69	,0.89	,1.000316116
01/10/46	,0.38	,14.75	    ,0.70	,0.95	,1.000316116
01/11/46	,0.38	,14.69	    ,0.70	,1.00	,1.000316116
01/12/46	,0.38	,15.13	    ,0.71	,1.06	,1.000316116
01/01/47	,0.38	,15.21	    ,0.71	,1.13	,1.000316116
01/02/47	,0.38	,15.80	    ,0.72	,1.20	,1.000316116
01/03/47	,0.38	,15.16	    ,0.72	,1.27	,1.000316116
01/04/47	,0.38	,14.60	    ,0.73	,1.33	,1.000316116
01/05/47	,0.38	,14.34	    ,0.75	,1.38	,1.000316116
01/06/47	,0.38	,14.84	    ,0.76	,1.44	,1.000316116
01/07/47	,0.66	,15.77	    ,0.77	,1.48	,1.000548343
01/08/47	,0.75	,15.46	    ,0.78	,1.51	,1.000622862
01/09/47	,0.8	,15.06	    ,0.79	,1.55	,1.000664235
01/10/47	,0.85	,15.45	    ,0.81	,1.57	,1.000705589
01/11/47	,0.92	,15.27	    ,0.82	,1.59	,1.000763453
01/12/47	,0.95	,15.03	    ,0.84	,1.61	,1.00078824
01/01/48	,0.97	,14.83	    ,0.84	,1.64	,1.000804762
01/02/48	,1	    ,14.10	    ,0.85	,1.68	,1.000829538
01/03/48	,1	    ,14.30	    ,0.85	,1.71	,1.000829538
01/04/48	,1	    ,15.40	    ,0.85	,1.76	,1.000829538
01/05/48	,1	    ,16.15	    ,0.85	,1.81	,1.000829538
01/06/48	,1	    ,16.82	    ,0.85	,1.86	,1.000829538
01/07/48	,1	    ,16.42	    ,0.86	,1.93	,1.000829538
01/08/48	,1.06	,15.94	    ,0.86	,2.00	,1.000879071
01/09/48	,1.09	,15.76	    ,0.87	,2.07	,1.000903827
01/10/48	,1.12	,16.19	    ,0.89	,2.14	,1.000928576
01/11/48	,1.14	,15.29	    ,0.91	,2.22	,1.000945072
01/12/48	,1.16	,15.19	    ,0.93	,2.29	,1.000961565
01/01/49	,1.17	,15.36	    ,0.95	,2.32	,1.00096981
01/02/49	,1.17	,14.77	    ,0.96	,2.35	,1.00096981
01/03/49	,1.17	,14.91	    ,0.98	,2.38	,1.00096981
01/04/49	,1.17	,14.89	    ,0.99	,2.39	,1.00096981
01/05/49	,1.17	,14.78	    ,1.01	,2.39	,1.00096981
01/06/49	,1.17	,13.97	    ,1.02	,2.40	,1.00096981
01/07/49	,1.02	,14.76	    ,1.03	,2.40	,1.000846052
01/08/49	,1.04	,15.29	    ,1.03	,2.39	,1.000862563
01/09/49	,1.07	,15.49	    ,1.04	,2.39	,1.000887323
01/10/49	,1.05	,15.89	    ,1.07	,2.37	,1.000870817
01/11/49	,1.08	,16.11	    ,1.11	,2.34	,1.000895575
01/12/49	,1.1	,16.54	    ,1.14	,2.32	,1.000912077
01/01/50	,1.07	,16.88	    ,1.15	,2.34	,1.000887323
01/02/50	,1.12	,17.21	    ,1.16	,2.35	,1.000928576
01/03/50	,1.12	,17.35	    ,1.17	,2.37	,1.000928576
01/04/50	,1.15	,17.84	    ,1.18	,2.43	,1.000953319
01/05/50	,1.16	,18.44	    ,1.19	,2.48	,1.000961565
01/06/50	,1.15	,18.74	    ,1.20	,2.54	,1.000953319
01/07/50	,1.16	,17.38	    ,1.24	,2.60	,1.000961565
01/08/50	,1.2	,18.43	    ,1.29	,2.66	,1.000994542
01/09/50	,1.3	,19.08	    ,1.33	,2.72	,1.001076932
01/10/50	,1.31	,19.87	    ,1.38	,2.76	,1.001085166
01/11/50	,1.36	,19.83	    ,1.42	,2.80	,1.00112633
01/12/50	,1.34	,19.75	    ,1.47	,2.84	,1.001109867
01/01/51	,1.34	,21.21	    ,1.49	,2.84	,1.001109867
01/02/51	,1.36	,22.00	    ,1.50	,2.83	,1.00112633
01/03/51	,1.4	,21.63	    ,1.52	,2.83	,1.001159247
01/04/51	,1.47	,21.92	    ,1.53	,2.79	,1.001216823
01/05/51	,1.55	,21.93	    ,1.55	,2.76	,1.00128258
01/06/51	,1.45	,21.55	    ,1.56	,2.72	,1.001200377
01/07/51	,1.56	,21.93	    ,1.55	,2.65	,1.001290797
01/08/51	,1.62	,22.89	    ,1.53	,2.58	,1.001340079
01/09/51	,1.63	,23.48	    ,1.52	,2.51	,1.00134829
01/10/51	,1.54	,23.36	    ,1.48	,2.49	,1.001274363
01/11/51	,1.56	,22.71	    ,1.45	,2.46	,1.001290797
01/12/51	,1.73	,23.41	    ,1.41	,2.44	,1.00143036
01/01/52	,1.57	,24.19	    ,1.41	,2.43	,1.001299012
01/02/52	,1.54	,23.75	    ,1.42	,2.41	,1.001274363
01/03/52	,1.59	,23.81	    ,1.42	,2.40	,1.001315441
01/04/52	,1.57	,23.74	    ,1.43	,2.38	,1.001299012
01/05/52	,1.67	,23.73	    ,1.44	,2.36	,1.001381127
01/06/52	,1.7	,24.38	    ,1.45	,2.34	,1.001405747
01/07/52	,1.81	,25.08	    ,1.45	,2.35	,1.001495963
01/08/52	,1.83	,25.18	    ,1.45	,2.35	,1.001512357
01/09/52	,1.71	,24.78	    ,1.45	,2.36	,1.001413952
01/10/52	,1.74	,24.26	    ,1.44	,2.37	,1.001438563
01/11/52	,1.85	,25.03	    ,1.42	,2.39	,1.001528747
01/12/52	,2.09	,26.04	    ,1.41	,2.40	,1.001725202
01/01/53	,1.96	,26.18	    ,1.41	,2.41	,1.001618842
01/02/53	,1.97	,25.86	    ,1.41	,2.42	,1.001627028
01/03/53	,2.01	,25.99	    ,1.41	,2.43	,1.001659764
01/04/53	,2.19	,24.71	    ,1.41	,2.46	,1.001806934
01/05/53	,2.16	,24.84	    ,1.42	,2.48	,1.001782422
01/06/53	,2.11	,23.95	    ,1.42	,2.51	,1.001741555
01/07/53	,2.04	,24.29	    ,1.42	,2.52	,1.001684309
01/08/53	,2.04	,24.39	    ,1.42	,2.54	,1.001684309
01/09/53	,1.79	,23.27	    ,1.42	,2.55	,1.001479567
01/10/53	,1.38	,23.97	    ,1.43	,2.54	,1.00114279
01/11/53	,1.44	,24.50	    ,1.44	,2.52	,1.001192152
01/12/53	,1.6	,24.83	    ,1.45	,2.51	,1.001323654
01/01/54	,1.18	,25.46	    ,1.46	,2.52	,1.000978055
01/02/54	,0.97	,26.02	    ,1.46	,2.54	,1.000804762
01/03/54	,1.03	,26.57	    ,1.47	,2.55	,1.000854308
01/04/54	,0.97	,27.63	    ,1.46	,2.57	,1.000804762
01/05/54	,0.76	,28.73	    ,1.46	,2.60	,1.000631138
01/06/54	,0.64	,28.96	    ,1.45	,2.62	,1.000531775
01/07/54	,0.72	,30.13	    ,1.46	,2.62	,1.000598029
01/08/54	,0.92	,30.73	    ,1.46	,2.63	,1.000763453
01/09/54	,1.01	,31.45	    ,1.47	,2.63	,1.000837795
01/10/54	,0.98	,32.18	    ,1.49	,2.68	,1.000813021
01/11/54	,0.93	,33.44	    ,1.52	,2.72	,1.000771716
01/12/54	,1.15	,34.97	    ,1.54	,2.77	,1.000953319
01/01/55	,1.22	,35.60	    ,1.55	,2.83	,1.001011026
01/02/55	,1.17	,36.79	    ,1.55	,2.90	,1.00096981
01/03/55	,1.28	,36.50	    ,1.56	,2.96	,1.00106046
01/04/55	,1.59	,37.76	    ,1.56	,3.05	,1.001315441
01/05/55	,1.45	,37.60	    ,1.57	,3.13	,1.001200377
01/06/55	,1.41	,39.78	    ,1.57	,3.22	,1.001167474
01/07/55	,1.6	,42.69	    ,1.59	,3.29	,1.001323654
01/08/55	,1.9	,42.43	    ,1.60	,3.37	,1.00156971
01/09/55	,2.07	,44.34	    ,1.62	,3.44	,1.001708847
01/10/55	,2.23	,42.11	    ,1.63	,3.50	,1.001839606
01/11/55	,2.24	,44.95	    ,1.63	,3.56	,1.001847772
01/12/55	,2.54	,45.37	    ,1.64	,3.62	,1.002092418
01/01/56	,2.41	,44.15	    ,1.67	,3.64	,1.001986485
01/02/56	,2.32	,44.43	    ,1.70	,3.67	,1.001913075
01/03/56	,2.25	,47.49	    ,1.73	,3.69	,1.001855938
01/04/56	,2.6	,48.05	    ,1.75	,3.66	,1.002141268
01/05/56	,2.61	,46.54	    ,1.78	,3.63	,1.002149407
01/06/56	,2.49	,46.27	    ,1.80	,3.60	,1.002051689
01/07/56	,2.31	,48.78	    ,1.81	,3.55	,1.001904915
01/08/56	,2.6	,48.49	    ,1.83	,3.51	,1.002141268
01/09/56	,2.84	,46.84	    ,1.84	,3.46	,1.002336408
01/10/56	,2.9	,46.24	    ,1.81	,3.44	,1.002385128
01/11/56	,2.99	,45.76	    ,1.77	,3.43	,1.002458159
01/12/56	,3.21	,46.44	    ,1.74	,3.41	,1.002636433
01/01/57	,3.11	,45.43	    ,1.74	,3.41	,1.002555442
01/02/57	,3.1	,43.47	    ,1.73	,3.40	,1.002547339
01/03/57	,3.08	,44.03	    ,1.73	,3.40	,1.002531131
01/04/57	,3.07	,45.05	    ,1.73	,3.41	,1.002523026
01/05/57	,3.06	,46.78	    ,1.73	,3.41	,1.00251492
01/06/57	,3.29	,47.55	    ,1.73	,3.42	,1.002701173
01/07/57	,3.16	,48.51	    ,1.74	,3.44	,1.002595947
01/08/57	,3.37	,45.84	    ,1.75	,3.45	,1.002765868
01/09/57	,3.53	,43.98	    ,1.76	,3.47	,1.002895119
01/10/57	,3.58	,41.24	    ,1.77	,3.44	,1.002935473
01/11/57	,3.31	,40.35	    ,1.78	,3.40	,1.002717351
01/12/57	,3.04	,40.33	    ,1.79	,3.37	,1.002498706
01/01/58	,2.44	,41.12	    ,1.78	,3.29	,1.002010942
01/02/58	,1.53	,41.26	    ,1.78	,3.22	,1.001266145
01/03/58	,1.3	,42.11	    ,1.77	,3.14	,1.001076932
01/04/58	,1.13	,42.34	    ,1.76	,3.07	,1.000936825
01/05/58	,0.91	,43.70	    ,1.74	,3.00	,1.000755189
01/06/58	,0.83	,44.75	    ,1.73	,2.93	,1.000689049
01/07/58	,0.91	,45.98	    ,1.73	,2.91	,1.000755189
01/08/58	,1.69	,47.70	    ,1.73	,2.90	,1.001397541
01/09/58	,2.44	,48.96	    ,1.73	,2.88	,1.002010942
01/10/58	,2.63	,50.95	    ,1.74	,2.88	,1.002165684
01/11/58	,2.67	,52.50	    ,1.74	,2.89	,1.002198227
01/12/58	,2.77	,53.49	    ,1.75	,2.89	,1.002279536
01/01/59	,2.82	,55.62	    ,1.76	,2.96	,1.002320162
01/02/59	,2.7	,54.77	    ,1.76	,3.04	,1.002222627
01/03/59	,2.8	,56.16	    ,1.77	,3.11	,1.002303914
01/04/59	,2.95	,57.10	    ,1.78	,3.21	,1.002425708
01/05/59	,2.84	,57.96	    ,1.78	,3.30	,1.002336408
01/06/59	,3.21	,57.46	    ,1.79	,3.40	,1.002636433
01/07/59	,3.2	,59.74	    ,1.80	,3.41	,1.002628337
01/08/59	,3.38	,59.40	    ,1.80	,3.42	,1.002773951
01/09/59	,4.04	,57.05	    ,1.81	,3.43	,1.00330589
01/10/59	,4.05	,57.00	    ,1.82	,3.42	,1.003313926
01/11/59	,4.15	,57.23	    ,1.82	,3.40	,1.003394246
01/12/59	,4.49	,59.06	    ,1.83	,3.39	,1.003666805
01/01/60	,4.35	,58.03	    ,1.87	,3.39	,1.003554674
01/02/60	,3.96	,55.78	    ,1.90	,3.39	,1.003241578
01/03/60	,3.31	,55.02	    ,1.94	,3.39	,1.002717351
01/04/60	,3.23	,55.73	    ,1.94	,3.35	,1.002652622
01/05/60	,3.29	,55.22	    ,1.95	,3.30	,1.002701173
01/06/60	,2.46	,57.26	    ,1.95	,3.26	,1.002027243
01/07/60	,2.3	,55.84	    ,1.95	,3.26	,1.001896754
01/08/60	,2.3	,56.51	    ,1.95	,3.27	,1.001896754
01/09/60	,2.48	,54.81	    ,1.95	,3.27	,1.002043541
01/10/60	,2.3	,53.73	    ,1.95	,3.27	,1.001896754
01/11/60	,2.37	,55.47	    ,1.95	,3.27	,1.001953866
01/12/60	,2.25	,56.80	    ,1.95	,3.27	,1.001855938
01/01/61	,2.24	,59.72	    ,1.95	,3.21	,1.001847772
01/02/61	,2.42	,62.17	    ,1.94	,3.15	,1.001994638
01/03/61	,2.39	,64.12	    ,1.94	,3.09	,1.001970177
01/04/61	,2.29	,65.83	    ,1.94	,3.07	,1.001888592
01/05/61	,2.29	,66.50	    ,1.94	,3.05	,1.001888592
01/06/61	,2.33	,65.62	    ,1.94	,3.03	,1.001921235
01/07/61	,2.24	,65.44	    ,1.95	,3.04	,1.001847772
01/08/61	,2.39	,67.79	    ,1.95	,3.04	,1.001970177
01/09/61	,2.28	,67.26	    ,1.96	,3.05	,1.001880429
01/10/61	,2.3	,68.00	    ,1.98	,3.10	,1.001896754
01/11/61	,2.48	,71.08	    ,2.00	,3.14	,1.002043541
01/12/61	,2.6	,71.74	    ,2.02	,3.19	,1.002141268
01/01/62	,2.72	,69.07	    ,2.03	,3.25	,1.00223889
01/02/62	,2.73	,70.22	    ,2.03	,3.31	,1.002247021
01/03/62	,2.72	,70.29	    ,2.04	,3.37	,1.00223889
01/04/62	,2.73	,68.05	    ,2.05	,3.40	,1.002247021
01/05/62	,2.69	,62.99	    ,2.05	,3.44	,1.002214495
01/06/62	,2.73	,55.63	    ,2.06	,3.47	,1.002247021
01/07/62	,2.92	,56.97	    ,2.07	,3.49	,1.002401362
01/08/62	,2.82	,58.52	    ,2.07	,3.51	,1.002320162
01/09/62	,2.78	,58.00	    ,2.08	,3.53	,1.002287662
01/10/62	,2.74	,56.17	    ,2.10	,3.58	,1.002255151
01/11/62	,2.83	,60.04	    ,2.11	,3.62	,1.002328286
01/12/62	,2.87	,62.64	    ,2.13	,3.67	,1.002360771
01/01/63	,2.91	,65.06	    ,2.14	,3.68	,1.002393245
01/02/63	,2.92	,65.92	    ,2.14	,3.70	,1.002401362
01/03/63	,2.89	,65.67	    ,2.15	,3.71	,1.00237701
01/04/63	,2.9	,68.76	    ,2.17	,3.75	,1.002385128
01/05/63	,2.93	,70.14	    ,2.18	,3.80	,1.002409478
01/06/63	,2.99	,70.11	    ,2.20	,3.84	,1.002458159
01/07/63	,3.18	,69.07	    ,2.20	,3.88	,1.002612143
01/08/63	,3.32	,70.98	    ,2.21	,3.92	,1.002725439
01/09/63	,3.38	,72.85	    ,2.21	,3.96	,1.002773951
01/10/63	,3.45	,73.03	    ,2.23	,3.98	,1.002830517
01/11/63	,3.52	,72.62	    ,2.26	,4.00	,1.002887047
01/12/63	,3.52	,74.17	    ,2.28	,4.02	,1.002887047
01/01/64	,3.52	,76.45	    ,2.30	,4.07	,1.002887047
01/02/64	,3.53	,77.39	    ,2.31	,4.13	,1.002895119
01/03/64	,3.54	,78.80	    ,2.33	,4.18	,1.002903192
01/04/64	,3.47	,79.94	    ,2.35	,4.23	,1.002846672
01/05/64	,3.48	,80.72	    ,2.36	,4.28	,1.002854748
01/06/64	,3.48	,80.24	    ,2.38	,4.33	,1.002854748
01/07/64	,3.46	,83.22	    ,2.40	,4.38	,1.002838594
01/08/64	,3.5	,82.00	    ,2.42	,4.42	,1.002870899
01/09/64	,3.53	,83.41	    ,2.44	,4.47	,1.002895119
01/10/64	,3.57	,84.85	    ,2.46	,4.50	,1.002927404
01/11/64	,3.64	,85.44	    ,2.48	,4.52	,1.002983874
01/12/64	,3.84	,83.96	    ,2.50	,4.55	,1.003145024
01/01/65	,3.81	,86.12	    ,2.52	,4.59	,1.00312087
01/02/65	,3.93	,86.75	    ,2.53	,4.64	,1.003217449
01/03/65	,3.93	,86.83	    ,2.55	,4.68	,1.003217449
01/04/65	,3.93	,87.97	    ,2.57	,4.73	,1.003217449
01/05/65	,3.89	,89.28	    ,2.59	,4.79	,1.003185267
01/06/65	,3.8	,85.04	    ,2.61	,4.84	,1.003112817
01/07/65	,3.84	,84.91	    ,2.63	,4.89	,1.003145024
01/08/65	,3.84	,86.49	    ,2.64	,4.93	,1.003145024
01/09/65	,3.92	,89.38	    ,2.66	,4.98	,1.003209405
01/10/65	,4.03	,91.39	    ,2.68	,5.05	,1.003297854
01/11/65	,4.09	,92.15	    ,2.70	,5.12	,1.003346063
01/12/65	,4.38	,91.73	    ,2.72	,5.19	,1.003578713
01/01/66	,4.59	,93.32	    ,2.74	,5.24	,1.003746815
01/02/66	,4.65	,92.69	    ,2.76	,5.29	,1.003794787
01/03/66	,4.59	,88.88	    ,2.78	,5.34	,1.003746815
01/04/66	,4.62	,91.60	    ,2.80	,5.38	,1.003770804
01/05/66	,4.64	,86.78	    ,2.81	,5.42	,1.003786794
01/06/66	,4.5	,86.06	    ,2.83	,5.46	,1.003674809
01/07/66	,4.8	,85.84	    ,2.85	,5.48	,1.003914608
01/08/66	,4.96	,80.65	    ,2.87	,5.49	,1.004042243
01/09/66	,5.37	,77.81	    ,2.89	,5.51	,1.004368496
01/10/66	,5.35	,77.13	    ,2.88	,5.52	,1.004352608
01/11/66	,5.32	,80.99	    ,2.88	,5.54	,1.004328771
01/12/66	,4.96	,81.33	    ,2.87	,5.55	,1.004042243
01/01/67	,4.72	,84.45	    ,2.88	,5.52	,1.003850723
01/02/67	,4.56	,87.36	    ,2.89	,5.48	,1.003722819
01/03/67	,4.26	,89.42	    ,2.90	,5.45	,1.003482516
01/04/67	,3.84	,90.96	    ,2.90	,5.41	,1.003145024
01/05/67	,3.6	,92.59	    ,2.90	,5.37	,1.002951609
01/06/67	,3.54	,91.43	    ,2.90	,5.33	,1.002903192
01/07/67	,4.21	,93.01	    ,2.91	,5.32	,1.003442404
01/08/67	,4.27	,94.49	    ,2.91	,5.31	,1.003490536
01/09/67	,4.42	,95.81	    ,2.92	,5.30	,1.003610757
01/10/67	,4.56	,95.66	    ,2.92	,5.31	,1.003722819
01/11/67	,4.73	,92.66	    ,2.92	,5.32	,1.003858711
01/12/67	,4.97	,95.30	    ,2.92	,5.33	,1.004050214
01/01/68	,5	    ,95.04	    ,2.93	,5.37	,1.004074124
01/02/68	,4.98	,90.75	    ,2.94	,5.40	,1.004058185
01/03/68	,5.17	,89.09	    ,2.95	,5.44	,1.004209494
01/04/68	,5.38	,95.67	    ,2.96	,5.48	,1.004376439
01/05/68	,5.66	,97.87	    ,2.98	,5.53	,1.004598558
01/06/68	,5.52	,100.50	    ,2.99	,5.57	,1.004487566
01/07/68	,5.31	,100.30	    ,3.00	,5.60	,1.004320824
01/08/68	,5.09	,98.11	    ,3.02	,5.63	,1.004145815
01/09/68	,5.19	,101.30	    ,3.03	,5.66	,1.004225406
01/10/68	,5.35	,103.80	    ,3.04	,5.69	,1.004352608
01/11/68	,5.45	,105.40	    ,3.06	,5.73	,1.004432019
01/12/68	,5.96	,106.50	    ,3.07	,5.76	,1.004835945
01/01/69	,6.14	,102.00	    ,3.08	,5.78	,1.004978082
01/02/69	,6.12	,101.50	    ,3.09	,5.80	,1.0049623
01/03/69	,6.02	,99.30	    ,3.10	,5.82	,1.004883349
01/04/69	,6.11	,101.30	    ,3.11	,5.83	,1.004954408
01/05/69	,6.04	,104.60	    ,3.12	,5.83	,1.004899145
01/06/69	,6.44	,99.14	    ,3.13	,5.84	,1.005214487
01/07/69	,7	    ,94.71	    ,3.14	,5.86	,1.005654145
01/08/69	,6.98	,94.18	    ,3.14	,5.87	,1.00563848
01/09/69	,7.09	,94.51	    ,3.15	,5.89	,1.005724608
01/10/69	,7	    ,95.52	    ,3.15	,5.85	,1.005654145
01/11/69	,7.24	,96.21	    ,3.16	,5.82	,1.005841925
01/12/69	,7.82	,91.11	    ,3.16	,5.78	,1.006294141
01/01/70	,7.87	,90.31	    ,3.16	,5.73	,1.00633302
01/02/70	,7.13	,87.16	    ,3.17	,5.68	,1.005755907
01/03/70	,6.63	,88.65	    ,3.17	,5.63	,1.005363894
01/04/70	,6.51	,85.95	    ,3.17	,5.59	,1.00526956
01/05/70	,6.84	,76.06	    ,3.18	,5.56	,1.005528744
01/06/70	,6.68	,75.59	    ,3.18	,5.52	,1.005403171
01/07/70	,6.45	,75.72	    ,3.18	,5.47	,1.005222356
01/08/70	,6.41	,77.92	    ,3.19	,5.41	,1.005190874
01/09/70	,6.12	,82.58	    ,3.19	,5.36	,1.0049623
01/10/70	,5.91	,84.37	    ,3.17	,5.28	,1.004796424
01/11/70	,5.28	,84.28	    ,3.16	,5.21	,1.004296979
01/12/70	,4.87	,90.05	    ,3.14	,5.13	,1.00397047
01/01/71	,4.44	,93.49	    ,3.13	,5.16	,1.003626774
01/02/71	,3.7	,97.11	    ,3.12	,5.19	,1.003032249
01/03/71	,3.38	,99.60	    ,3.11	,5.22	,1.002773951
01/04/71	,3.86	,103.00	    ,3.11	,5.25	,1.003161124
01/05/71	,4.14	,101.60	    ,3.10	,5.29	,1.003386217
01/06/71	,4.75	,99.72	    ,3.10	,5.32	,1.003874685
01/07/71	,5.4	,99.00	    ,3.10	,5.36	,1.004392322
01/08/71	,4.94	,97.24	    ,3.09	,5.39	,1.004026298
01/09/71	,4.69	,99.40	    ,3.09	,5.43	,1.003826755
01/10/71	,4.46	,97.29	    ,3.08	,5.52	,1.003642789
01/11/71	,4.22	,92.78	    ,3.08	,5.61	,1.003450428
01/12/71	,4.01	,99.17	    ,3.07	,5.70	,1.003281778
01/01/72	,3.38	,103.30	    ,3.07	,5.74	,1.002773951
01/02/72	,3.2	,105.20	    ,3.07	,5.77	,1.002628337
01/03/72	,3.73	,107.70	    ,3.07	,5.81	,1.003056427
01/04/72	,3.71	,108.80	    ,3.07	,5.86	,1.003040309
01/05/72	,3.69	,107.70	    ,3.07	,5.92	,1.003024188
01/06/72	,3.91	,108.00	    ,3.07	,5.97	,1.00320136
01/07/72	,3.98	,107.20	    ,3.07	,6.03	,1.00325766
01/08/72	,4.02	,111.00	    ,3.08	,6.08	,1.003289816
01/09/72	,4.66	,109.40	    ,3.08	,6.14	,1.00380278
01/10/72	,4.74	,109.60	    ,3.10	,6.23	,1.003866698
01/11/72	,4.78	,115.10	    ,3.13	,6.33	,1.003898641
01/12/72	,5.07	,117.50	    ,3.15	,6.42	,1.004129889
01/01/73	,5.41	,118.40	    ,3.16	,6.55	,1.004400263
01/02/73	,5.6	,114.20	    ,3.16	,6.67	,1.004551007
01/03/73	,6.09	,112.40	    ,3.17	,6.80	,1.004938622
01/04/73	,6.26	,110.30	    ,3.19	,6.94	,1.005072717
01/05/73	,6.36	,107.20	    ,3.20	,7.09	,1.005151505
01/06/73	,7.19	,104.80	    ,3.22	,7.23	,1.005802836
01/07/73	,8.01	,105.80	    ,3.24	,7.38	,1.006441795
01/08/73	,8.67	,103.80	    ,3.25	,7.54	,1.006952858
01/09/73	,8.29	,105.60	    ,3.27	,7.69	,1.006658959
01/10/73	,7.22	,109.80	    ,3.31	,7.85	,1.005826292
01/11/73	,7.83	,102.00	    ,3.34	,8.00	,1.006301918
01/12/73	,7.45	,94.78	    ,3.38	,8.16	,1.006005917
01/01/74	,7.77	,96.11	    ,3.40	,8.23	,1.006255245
01/02/74	,7.12	,93.45	    ,3.42	,8.29	,1.005748083
01/03/74	,7.96	,97.44	    ,3.44	,8.36	,1.006402962
01/04/74	,8.33	,92.46	    ,3.46	,8.49	,1.00668994
01/05/74	,8.23	,89.67	    ,3.48	,8.61	,1.006612467
01/06/74	,7.9	,89.79	    ,3.50	,8.74	,1.00635634
01/07/74	,7.55	,79.31	    ,3.53	,8.86	,1.006083905
01/08/74	,8.96	,76.03	    ,3.56	,8.99	,1.007176517
01/09/74	,8.06	,68.12	    ,3.59	,9.11	,1.006480612
01/10/74	,7.46	,69.44	    ,3.59	,9.04	,1.006013719
01/11/74	,7.47	,71.74	    ,3.60	,8.96	,1.00602152
01/12/74	,7.15	,67.07	    ,3.60	,8.89	,1.005771553
01/01/75	,6.26	,72.56	    ,3.62	,8.74	,1.005072717
01/02/75	,5.5	,80.10	    ,3.65	,8.60	,1.004471699
01/03/75	,5.49	,83.78	    ,3.67	,8.45	,1.004463764
01/04/75	,5.61	,84.72	    ,3.68	,8.29	,1.004558934
01/05/75	,5.23	,90.10	    ,3.70	,8.12	,1.004257223
01/06/75	,5.34	,92.40	    ,3.71	,7.96	,1.004344663
01/07/75	,6.13	,92.49	    ,3.71	,7.89	,1.004970192
01/08/75	,6.44	,85.71	    ,3.71	,7.83	,1.005214487
01/09/75	,6.42	,84.67	    ,3.71	,7.76	,1.005198745
01/10/75	,5.96	,88.57	    ,3.70	,7.83	,1.004835945
01/11/75	,5.48	,90.07	    ,3.69	,7.89	,1.004455829
01/12/75	,5.44	,88.70	    ,3.68	,7.96	,1.004424081
01/01/76	,4.87	,96.86	    ,3.68	,8.19	,1.00397047
01/02/76	,4.88	,100.60	    ,3.69	,8.43	,1.003978448
01/03/76	,5	    ,101.10	    ,3.69	,8.66	,1.004074124
01/04/76	,4.86	,101.90	    ,3.71	,8.86	,1.003962492
01/05/76	,5.2	,101.20	    ,3.74	,9.05	,1.004233362
01/06/76	,5.41	,101.80	    ,3.76	,9.25	,1.004400263
01/07/76	,5.23	,104.20	    ,3.79	,9.35	,1.004257223
01/08/76	,5.14	,103.30	    ,3.82	,9.45	,1.004185619
01/09/76	,5.08	,105.50	    ,3.85	,9.55	,1.004137852
01/10/76	,4.92	,101.90	    ,3.92	,9.67	,1.004010351
01/11/76	,4.75	,101.20	    ,3.98	,9.79	,1.003874685
01/12/76	,4.35	,104.70	    ,4.05	,9.91	,1.003554674
01/01/77	,4.62	,103.80	    ,4.10	,9.97	,1.003770804
01/02/77	,4.67	,101.00	    ,4.14	,10.02	,1.003810772
01/03/77	,4.6	,100.60	    ,4.19	,10.08	,1.003754812
01/04/77	,4.54	,99.05	    ,4.25	,10.19	,1.003706819
01/05/77	,4.96	,98.76	    ,4.30	,10.31	,1.004042243
01/06/77	,5.02	,99.29	    ,4.36	,10.42	,1.00409006
01/07/77	,5.19	,100.20	    ,4.41	,10.52	,1.004225406
01/08/77	,5.49	,97.75	    ,4.45	,10.61	,1.004463764
01/09/77	,5.81	,96.23	    ,4.50	,10.71	,1.004717329
01/10/77	,6.16	,93.74	    ,4.56	,10.77	,1.004993862
01/11/77	,6.1	,94.28	    ,4.61	,10.83	,1.004946515
01/12/77	,6.07	,93.82	    ,4.67	,10.89	,1.004922833
01/01/78	,6.44	,90.25	    ,4.71	,10.90	,1.005214487
01/02/78	,6.45	,88.98	    ,4.76	,10.91	,1.005222356
01/03/78	,6.29	,88.82	    ,4.80	,10.92	,1.005096361
01/04/78	,6.29	,92.71	    ,4.84	,11.02	,1.005096361
01/05/78	,6.41	,97.41	    ,4.87	,11.13	,1.005190874
01/06/78	,6.73	,97.66	    ,4.91	,11.23	,1.005442431
01/07/78	,7.01	,97.19	    ,4.95	,11.34	,1.005661977
01/08/78	,7.08	,103.90	    ,4.98	,11.46	,1.005716782
01/09/78	,7.85	,103.90	    ,5.02	,11.57	,1.00631747
01/10/78	,7.99	,100.60	    ,5.04	,11.82	,1.006426264
01/11/78	,8.64	,94.71	    ,5.05	,12.08	,1.00692969
01/12/78	,9.08	,96.11	    ,5.07	,12.33	,1.007268905
01/01/79	,9.35	,99.71	    ,5.11	,12.65	,1.00747644
01/02/79	,9.32	,98.23	    ,5.16	,12.98	,1.007453404
01/03/79	,9.48	,100.10	    ,5.20	,13.30	,1.007576197
01/04/79	,9.46	,102.10	    ,5.25	,13.53	,1.007560857
01/05/79	,9.61	,99.73	    ,5.29	,13.75	,1.007675845
01/06/79	,9.06	,101.70	    ,5.34	,13.98	,1.007253514
01/07/79	,9.24	,102.70	    ,5.40	,14.20	,1.007391946
01/08/79	,9.52	,107.40	    ,5.45	,14.41	,1.007606869
01/09/79	,10.26	,108.60	    ,5.51	,14.63	,1.008172466
01/10/79	,11.7	,104.50	    ,5.56	,14.71	,1.009263184
01/11/79	,11.79	,103.70	    ,5.60	,14.78	,1.009330925
01/12/79	,12.04	,107.80	    ,5.65	,14.86	,1.009518832
01/01/80	,12	    ,110.90	    ,5.70	,15.00	,1.009488793
01/02/80	,12.86	,115.30	    ,5.75	,15.15	,1.010132483
01/03/80	,15.2	,104.70	    ,5.80	,15.29	,1.011861426
01/04/80	,13.2	,103.00	    ,5.85	,15.17	,1.010385726
01/05/80	,8.58	,107.70	    ,5.89	,15.06	,1.006883336
01/06/80	,7.07	,114.60	    ,5.94	,14.94	,1.005708954
01/07/80	,8.06	,119.80	    ,5.98	,14.84	,1.006480612
01/08/80	,9.13	,123.50	    ,6.03	,14.74	,1.007307373
01/09/80	,10.27	,126.50	    ,6.07	,14.64	,1.008180085
01/10/80	,11.62	,130.20	    ,6.10	,14.70	,1.009202927
01/11/80	,13.73	,135.70	    ,6.13	,14.76	,1.0107791
01/12/80	,15.49	,133.50	    ,6.16	,14.82	,1.012073449
01/01/81	,15.02	,133.00	    ,6.20	,14.74	,1.011729578
01/02/81	,14.79	,128.40	    ,6.24	,14.66	,1.011560831
01/03/81	,13.36	,133.20	    ,6.28	,14.58	,1.010504658
01/04/81	,13.69	,134.40	    ,6.32	,14.72	,1.01074947
01/05/81	,16.3	,131.70	    ,6.35	,14.87	,1.012663079
01/06/81	,14.73	,132.30	    ,6.39	,15.01	,1.011516759
01/07/81	,14.95	,129.10	    ,6.43	,15.10	,1.011678253
01/08/81	,15.51	,129.60	    ,6.48	,15.18	,1.012088054
01/09/81	,14.7	,118.30	    ,6.52	,15.27	,1.011494715
01/10/81	,13.54	,119.80	    ,6.56	,15.30	,1.010638273
01/11/81	,10.86	,122.90	    ,6.59	,15.33	,1.008628509
01/12/81	,10.85	,123.80	    ,6.63	,15.36	,1.008620927
01/01/82	,12.28	,117.30	    ,6.66	,15.18	,1.009698863
01/02/82	,13.48	,114.50	    ,6.69	,14.99	,1.010593756
01/03/82	,12.68	,110.80	    ,6.72	,14.81	,1.00999813
01/04/82	,12.7	,116.30	    ,6.75	,14.60	,1.010013068
01/05/82	,12.09	,116.40	    ,6.78	,14.38	,1.009556368
01/06/82	,12.47	,109.70	    ,6.81	,14.17	,1.009841136
01/07/82	,11.35	,109.40	    ,6.82	,13.97	,1.008999269
01/08/82	,8.68	,109.70	    ,6.84	,13.76	,1.00696058
01/09/82	,7.92	,122.40	    ,6.85	,13.56	,1.006371883
01/10/82	,7.71	,132.70	    ,6.86	,13.25	,1.006208547
01/11/82	,8.07	,138.10	    ,6.86	,12.95	,1.006488374
01/12/82	,7.94	,139.40	    ,6.87	,12.64	,1.006387424
01/01/83	,7.86	,144.30	    ,6.88	,12.57	,1.006325246
01/02/83	,8.11	,146.80	    ,6.90	,12.49	,1.006519413
01/03/83	,8.35	,151.90	    ,6.91	,12.42	,1.006705427
01/04/83	,8.21	,157.70	    ,6.92	,12.48	,1.006596965
01/05/83	,8.19	,164.10	    ,6.93	,12.53	,1.006581459
01/06/83	,8.79	,166.40	    ,6.94	,12.59	,1.007045473
01/07/83	,9.08	,167.00	    ,6.96	,12.83	,1.007268905
01/08/83	,9.34	,162.40	    ,6.98	,13.06	,1.007468762
01/09/83	,9	    ,167.20	    ,7.00	,13.30	,1.007207323
01/10/83	,8.64	,167.70	    ,7.03	,13.54	,1.00692969
01/11/83	,8.76	,165.20	    ,7.06	,13.79	,1.007022328
01/12/83	,9	    ,164.40	    ,7.09	,14.03	,1.007207323
01/01/84	,8.9	,166.40	    ,7.12	,14.44	,1.007130287
01/02/84	,9.09	,157.30	    ,7.15	,14.85	,1.0072766
01/03/84	,9.52	,157.40	    ,7.18	,15.26	,1.007606869
01/04/84	,9.69	,157.60	    ,7.22	,15.57	,1.007737113
01/05/84	,9.83	,156.60	    ,7.27	,15.89	,1.007844234
01/06/84	,9.87	,153.10	    ,7.31	,16.20	,1.007874816
01/07/84	,10.12	,151.10	    ,7.33	,16.32	,1.008065729
01/08/84	,10.47	,164.40	    ,7.36	,16.44	,1.008332339
01/09/84	,10.37	,166.10	    ,7.38	,16.56	,1.008256244
01/10/84	,9.74	,164.80	    ,7.43	,16.59	,1.007775385
01/11/84	,8.61	,166.30	    ,7.48	,16.61	,1.006906516
01/12/84	,8.06	,164.50	    ,7.53	,16.64	,1.006480612
01/01/85	,7.76	,171.60	    ,7.57	,16.56	,1.006247463
01/02/85	,8.27	,180.90	    ,7.62	,16.47	,1.006643464
01/03/85	,8.52	,179.40	    ,7.66	,16.39	,1.006836958
01/04/85	,7.95	,180.60	    ,7.69	,16.13	,1.006395193
01/05/85	,7.48	,184.90	    ,7.71	,15.87	,1.00602932
01/06/85	,6.95	,188.90	    ,7.74	,15.61	,1.005614976
01/07/85	,7.08	,192.50	    ,7.77	,15.48	,1.005716782
01/08/85	,7.14	,188.30	    ,7.81	,15.36	,1.00576373
01/09/85	,7.1	,184.10	    ,7.84	,15.23	,1.005732434
01/10/85	,7.16	,186.20	    ,7.86	,15.02	,1.005779375
01/11/85	,7.24	,197.50	    ,7.88	,14.82	,1.005841925
01/12/85	,7.1	,207.30	    ,7.90	,14.61	,1.005732434
01/01/86	,7.07	,208.20	    ,7.94	,14.58	,1.005708954
01/02/86	,7.06	,219.40	    ,7.98	,14.55	,1.005701126
01/03/86	,6.56	,232.30	    ,8.02	,14.52	,1.005308877
01/04/86	,6.06	,238.00	    ,8.05	,14.58	,1.004914938
01/05/86	,6.15	,238.50	    ,8.07	,14.65	,1.004985972
01/06/86	,6.21	,245.30	    ,8.10	,14.71	,1.005033298
01/07/86	,5.83	,240.20	    ,8.14	,14.76	,1.004733153
01/08/86	,5.53	,245.00	    ,8.19	,14.80	,1.004495498
01/09/86	,5.21	,238.30	    ,8.23	,14.85	,1.004241316
01/10/86	,5.18	,237.40	    ,8.25	,14.73	,1.00421745
01/11/86	,5.35	,245.10	    ,8.26	,14.60	,1.004352608
01/12/86	,5.53	,248.60	    ,8.28	,14.48	,1.004495498
01/01/87	,5.43	,264.50	    ,8.30	,14.69	,1.004416143
01/02/87	,5.59	,280.90	    ,8.32	,14.89	,1.004543079
01/03/87	,5.59	,292.50	    ,8.34	,15.10	,1.004543079
01/04/87	,5.64	,289.30	    ,8.40	,14.87	,1.00458271
01/05/87	,5.66	,289.10	    ,8.46	,14.65	,1.004598558
01/06/87	,5.67	,301.40	    ,8.52	,14.42	,1.004606481
01/07/87	,5.69	,310.10	    ,8.57	,14.90	,1.004622325
01/08/87	,6.04	,329.40	    ,8.61	,15.38	,1.004899145
01/09/87	,6.4	,318.70	    ,8.66	,15.86	,1.005183001
01/10/87	,6.13	,280.20	    ,8.71	,16.41	,1.004970192
01/11/87	,5.69	,245.00	    ,8.76	,16.95	,1.004622325
01/12/87	,5.77	,241.00	    ,8.81	,17.50	,1.004685672
01/01/88	,5.81	,250.50	    ,8.86	,17.86	,1.004717329
01/02/88	,5.66	,258.10	    ,8.90	,18.23	,1.004598558
01/03/88	,5.7	,265.70	    ,8.95	,18.59	,1.004630246
01/04/88	,5.91	,262.60	    ,9.04	,19.62	,1.004796424
01/05/88	,6.26	,256.10	    ,9.14	,20.64	,1.005072717
01/06/88	,6.46	,270.70	    ,9.23	,21.67	,1.005230225
01/07/88	,6.73	,269.10	    ,9.31	,22.02	,1.005442431
01/08/88	,7.06	,263.70	    ,9.38	,22.38	,1.005701126
01/09/88	,7.24	,268.00	    ,9.46	,22.73	,1.005841925
01/10/88	,7.35	,277.40	    ,9.55	,23.07	,1.005927862
01/11/88	,7.76	,271.00	    ,9.64	,23.42	,1.006247463
01/12/88	,8.07	,276.50	    ,9.75	,23.75	,1.006488374
01/01/89	,8.27	,285.40	    ,9.81	,24.16	,1.006643464
01/02/89	,8.53	,294.00	    ,9.90	,24.56	,1.006844689
01/03/89	,8.82	,292.70	    ,10.01	,24.96	,1.007068612
01/04/89	,8.65	,302.30	    ,10.09	,25.05	,1.006937413
01/05/89	,8.43	,313.90	    ,10.19	,25.13	,1.006767347
01/06/89	,8.15	,323.70	    ,10.37	,25.22	,1.006550441
01/07/89	,7.88	,331.90	    ,10.42	,24.71	,1.006340794
01/08/89	,7.9	,346.60	    ,10.55	,24.20	,1.00635634
01/09/89	,7.75	,347.30	    ,10.73	,23.69	,1.006239681
01/10/89	,7.64	,347.40	    ,10.80	,23.43	,1.006154037
01/11/89	,7.69	,340.20	    ,10.92	,23.16	,1.006192976
01/12/89	,7.63	,348.60	    ,11.06	,22.87	,1.006146247
01/01/90	,7.64	,339.97	    ,11.14	,22.49	,1.006154037
01/02/90	,7.74	,330.45	    ,11.23	,22.08	,1.006231899
01/03/90	,7.9	,338.46	    ,11.32	,21.67	,1.00635634
01/04/90	,7.77	,338.18	    ,11.44	,21.53	,1.006255245
01/05/90	,7.74	,350.25	    ,11.55	,21.40	,1.006231899
01/06/90	,7.73	,360.39	    ,11.66	,21.26	,1.006224116
01/07/90	,7.62	,360.03	    ,11.73	,21.42	,1.006138457
01/08/90	,7.45	,330.75	    ,11.78	,21.58	,1.006005917
01/09/90	,7.36	,315.41	    ,11.83	,21.74	,1.005935671
01/10/90	,7.17	,307.12	    ,11.93	,21.61	,1.005787196
01/11/90	,7.06	,315.29	    ,12.01	,21.47	,1.005701126
01/12/90	,6.74	,328.75	    ,12.09	,21.34	,1.005450281
01/01/91	,6.22	,325.49	    ,12.11	,21.18	,1.005041183
01/02/91	,5.94	,362.26	    ,12.11	,21.03	,1.004820139
01/03/91	,5.91	,372.28	    ,12.11	,20.94	,1.004796424
01/04/91	,5.65	,379.68	    ,12.13	,20.36	,1.004590635
01/05/91	,5.46	,377.99	    ,12.14	,19.86	,1.004439957
01/06/91	,5.57	,378.29	    ,12.15	,19.41	,1.004527222
01/07/91	,5.58	,380.23	    ,12.19	,18.84	,1.004535151
01/08/91	,5.33	,389.40	    ,12.24	,18.33	,1.004336718
01/09/91	,5.22	,387.20	    ,12.28	,17.82	,1.00424927
01/10/91	,4.99	,386.88	    ,12.25	,17.20	,1.004066155
01/11/91	,4.56	,385.92	    ,12.23	,16.59	,1.003722819
01/12/91	,4.07	,388.51	    ,12.20	,15.97	,1.003329996
01/01/92	,3.8	,416.08	    ,12.24	,16.05	,1.003112817
01/02/92	,3.84	,412.56	    ,12.28	,16.12	,1.003145024
01/03/92	,4.04	,407.36	    ,12.32	,16.19	,1.00330589
01/04/92	,3.75	,407.41	    ,12.32	,16.48	,1.003072542
01/05/92	,3.63	,414.81	    ,12.32	,16.77	,1.002975809
01/06/92	,3.66	,408.27	    ,12.32	,17.05	,1.003000002
01/07/92	,3.21	,415.05	    ,12.34	,17.38	,1.002636433
01/08/92	,3.13	,417.93	    ,12.37	,17.71	,1.002571646
01/09/92	,2.91	,418.48	    ,12.40	,18.04	,1.002393245
01/10/92	,2.86	,412.50	    ,12.39	,18.39	,1.002352651
01/11/92	,3.13	,422.84	    ,12.38	,18.74	,1.002571646
01/12/92	,3.22	,435.64	    ,12.39	,19.09	,1.002644528
01/01/93	,3	    ,435.23	    ,12.41	,19.34	,1.00246627
01/02/93	,2.93	,441.70	    ,12.45	,19.59	,1.002409478
01/03/93	,2.95	,450.16	    ,12.48	,19.84	,1.002425708
01/04/93	,2.87	,443.08	    ,12.49	,19.67	,1.002360771
01/05/93	,2.96	,445.25	    ,12.51	,19.50	,1.002433822
01/06/93	,3.07	,448.06	    ,12.52	,19.33	,1.002523026
01/07/93	,3.04	,447.29	    ,12.52	,19.69	,1.002498706
01/08/93	,3.02	,454.13	    ,12.52	,20.05	,1.002482489
01/09/93	,2.95	,459.24	    ,12.52	,20.41	,1.002425708
01/10/93	,3.02	,463.90	    ,12.54	,20.90	,1.002482489
01/11/93	,3.1	,462.89	    ,12.56	,21.39	,1.002547339
01/12/93	,3.06	,465.95	    ,12.58	,21.89	,1.00251492
01/01/94	,2.98	,472.99	    ,12.62	,22.16	,1.002450047
01/02/94	,3.25	,471.58	    ,12.67	,22.43	,1.002668809
01/03/94	,3.5	,463.81	    ,12.71	,22.71	,1.002870899
01/04/94	,3.68	,447.23	    ,12.75	,23.54	,1.003016127
01/05/94	,4.14	,450.90	    ,12.80	,24.37	,1.003386217
01/06/94	,4.14	,454.83	    ,12.84	,25.20	,1.003386217
01/07/94	,4.33	,451.40	    ,12.87	,25.91	,1.003538643
01/08/94	,4.48	,464.24	    ,12.90	,26.62	,1.0036588
01/09/94	,4.62	,466.96	    ,12.92	,27.33	,1.003770804
01/10/94	,4.95	,463.81	    ,13.01	,28.42	,1.004034271
01/11/94	,5.29	,461.01	    ,13.10	,29.51	,1.004304928
01/12/94	,5.6	,455.19	    ,13.17	,30.60	,1.004551007
01/01/95	,5.71	,465.25	    ,13.18	,31.25	,1.004638166
01/02/95	,5.77	,481.92	    ,13.18	,31.90	,1.004685672
01/03/95	,5.73	,493.15	    ,13.17	,32.55	,1.004654004
01/04/95	,5.65	,507.91	    ,13.24	,33.18	,1.004590635
01/05/95	,5.67	,523.81	    ,13.31	,33.80	,1.004606481
01/06/95	,5.47	,539.35	    ,13.36	,34.43	,1.004447893
01/07/95	,5.42	,557.37	    ,13.44	,34.68	,1.004408203
01/08/95	,5.4	,559.11	    ,13.51	,34.93	,1.004392322
01/09/95	,5.28	,578.77	    ,13.58	,35.18	,1.004296979
01/10/95	,5.28	,582.92	    ,13.65	,34.77	,1.004296979
01/11/95	,5.36	,595.53	    ,13.72	,34.37	,1.004360552
01/12/95	,5.14	,614.57	    ,13.79	,33.96	,1.004185619
01/01/96	,5	    ,614.42	    ,13.89	,33.99	,1.004074124
01/02/96	,4.83	,649.54	    ,14.00	,34.01	,1.003938553
01/03/96	,4.96	,647.07	    ,14.10	,34.04	,1.004042243
01/04/96	,4.95	,647.17	    ,14.16	,34.33	,1.004034271
01/05/96	,5.02	,661.23	    ,14.21	,34.62	,1.00409006
01/06/96	,5.09	,668.50	    ,14.27	,34.91	,1.004145815
01/07/96	,5.15	,644.07	    ,14.40	,35.27	,1.004193578
01/08/96	,5.05	,662.68	    ,14.53	,35.64	,1.004113959
01/09/96	,5.09	,674.88	    ,14.66	,36.00	,1.004145815
01/10/96	,4.99	,701.46	    ,14.74	,36.91	,1.004066155
01/11/96	,5.03	,735.67	    ,14.82	,37.82	,1.004098027
01/12/96	,4.91	,743.25	    ,14.90	,38.73	,1.004002376
01/01/97	,5.03	,766.22	    ,14.95	,39.23	,1.004098027
01/02/97	,5.01	,798.39	    ,15.01	,39.74	,1.004082092
01/03/97	,5.14	,792.16	    ,15.06	,40.24	,1.004185619
01/04/97	,5.16	,763.93	    ,15.09	,40.34	,1.004201536
01/05/97	,5.05	,833.09	    ,15.13	,40.45	,1.004113959
01/06/97	,4.93	,876.29	    ,15.16	,40.55	,1.004018325
01/07/97	,5.05	,925.29	    ,15.22	,40.58	,1.004113959
01/08/97	,5.14	,927.24	    ,15.27	,40.61	,1.004185619
01/09/97	,4.95	,937.02	    ,15.33	,40.64	,1.004034271
01/10/97	,4.97	,951.16	    ,15.39	,40.33	,1.004050214
01/11/97	,5.14	,938.92	    ,15.44	,40.03	,1.004185619
01/12/97	,5.16	,962.37	    ,15.50	,39.72	,1.004201536
01/01/98	,5.04	,963.36	    ,15.55	,39.66	,1.004105994
01/02/98	,5.09	,1023.74	,15.60	,39.60	,1.004145815
01/03/98	,5.03	,1076.83	,15.64	,39.54	,1.004098027
01/04/98	,4.95	,1112.20	,15.75	,39.35	,1.004034271
01/05/98	,5	    ,1108.42	,15.85	,39.16	,1.004074124
01/06/98	,4.98	,1108.39	,15.95	,38.97	,1.004058185
01/07/98	,4.96	,1156.58	,16.02	,38.68	,1.004042243
01/08/98	,4.9	,1074.62	,16.08	,38.38	,1.003994401
01/09/98	,4.61	,1020.64	,16.14	,38.09	,1.003762809
01/10/98	,3.96	,1032.47	,16.17	,37.96	,1.003241578
01/11/98	,4.41	,1144.43	,16.18	,37.84	,1.003602747
01/12/98	,4.39	,1190.05	,16.20	,37.71	,1.003586725
01/01/99	,4.34	,1248.77	,16.28	,37.93	,1.003546659
01/02/99	,4.44	,1246.58	,16.37	,38.16	,1.003626774
01/03/99	,4.44	,1281.66	,16.45	,38.38	,1.003626774
01/04/99	,4.29	,1334.76	,16.45	,39.26	,1.003506575
01/05/99	,4.5	,1332.07	,16.45	,40.14	,1.003674809
01/06/99	,4.57	,1322.55	,16.45	,41.02	,1.003730819
01/07/99	,4.55	,1380.99	,16.51	,42.00	,1.00371482
01/08/99	,4.72	,1327.49	,16.58	,42.98	,1.003850723
01/09/99	,4.68	,1318.17	,16.64	,43.96	,1.003818764
01/10/99	,4.86	,1300.01	,16.66	,45.36	,1.003962492
01/11/99	,5.07	,1391.00	,16.67	,46.77	,1.004129889
01/12/99	,5.2	,1428.68	,16.69	,48.17	,1.004233362
01/01/00	,5.32	,1425.59	,16.71	,49.10	,1.004328771
01/02/00	,5.55	,1388.87	,16.74	,50.02	,1.004511361
01/03/00	,5.69	,1442.21	,16.76	,50.95	,1.004622325
01/04/00	,5.66	,1461.36	,16.74	,51.27	,1.004598558
01/05/00	,5.79	,1418.48	,16.72	,51.60	,1.004701502
01/06/00	,5.69	,1461.96	,16.70	,51.92	,1.004622325
01/07/00	,5.96	,1473.00	,16.58	,52.51	,1.004835945
01/08/00	,6.09	,1485.46	,16.47	,53.11	,1.004938622
01/09/00	,6	    ,1468.05	,16.35	,53.70	,1.004867551
01/10/00	,6.11	,1390.14	,16.32	,52.47	,1.004954408
01/11/00	,6.17	,1378.04	,16.30	,51.23	,1.00500175
01/12/00	,5.77	,1330.93	,16.27	,50.00	,1.004685672
01/01/01	,5.15	,1335.63	,16.17	,48.48	,1.004193578
01/02/01	,4.88	,1305.75	,16.07	,46.96	,1.003978448
01/03/01	,4.42	,1185.85	,15.97	,45.44	,1.003610757
01/04/01	,3.87	,1189.84	,15.88	,42.56	,1.003169172
01/05/01	,3.62	,1270.37	,15.78	,39.67	,1.002967743
01/06/01	,3.49	,1238.71	,15.69	,36.79	,1.002862824
01/07/01	,3.51	,1204.45	,15.71	,33.96	,1.002878973
01/08/01	,3.36	,1178.50	,15.72	,31.14	,1.002757784
01/09/01	,2.64	,1044.64	,15.74	,28.31	,1.002173821
01/10/01	,2.16	,1076.59	,15.74	,27.10	,1.001782422
01/11/01	,1.87	,1129.68	,15.74	,25.90	,1.001545135
01/12/01	,1.69	,1144.93	,15.74	,24.69	,1.001397541
01/01/02	,1.65	,1140.21	,15.74	,24.69	,1.00136471
01/02/02	,1.72	,1100.67	,15.73	,24.70	,1.001422157
01/03/02	,1.79	,1153.79	,15.73	,24.70	,1.001479567
01/04/02	,1.71	,1111.93	,15.83	,25.38	,1.001413952
01/05/02	,1.73	,1079.25	,15.94	,26.06	,1.00143036
01/06/02	,1.7	,1014.02	,16.04	,26.74	,1.001405747
01/07/02	,1.68	,903.59	    ,15.96	,27.84	,1.001389334
01/08/02	,1.62	,912.55	    ,15.88	,28.94	,1.001340079
01/09/02	,1.63	,867.81	    ,15.80	,30.04	,1.00134829
01/10/02	,1.58	,854.63	    ,15.89	,29.22	,1.001307227
01/11/02	,1.23	,909.93	    ,15.98	,28.41	,1.001019267
01/12/02	,1.19	,899.18	    ,16.07	,27.59	,1.000986299
01/01/03	,1.17	,895.84	    ,16.12	,28.50	,1.00096981
01/02/03	,1.17	,837.03	    ,16.17	,29.41	,1.00096981
01/03/03	,1.13	,846.63	    ,16.22	,30.32	,1.000936825
01/04/03	,1.13	,890.03	    ,16.20	,31.73	,1.000936825
01/05/03	,1.07	,935.96	    ,16.19	,33.14	,1.000887323
01/06/03	,0.92	,988.00	    ,16.17	,34.55	,1.000763453
01/07/03	,0.9	,992.54	    ,16.31	,35.89	,1.000746924
01/08/03	,0.95	,989.53	    ,16.45	,37.24	,1.00078824
01/09/03	,0.94	,1019.44	,16.59	,38.58	,1.000779979
01/10/03	,0.92	,1038.73	,16.86	,41.97	,1.000763453
01/11/03	,0.93	,1049.90	,17.12	,45.35	,1.000771716
01/12/03	,0.9	,1080.64	,17.39	,48.74	,1.000746924
01/01/04	,0.88	,1132.52	,17.60	,49.83	,1.000730392
01/02/04	,0.93	,1143.36	,17.81	,50.91	,1.000771716
01/03/04	,0.94	,1123.98	,18.02	,52.00	,1.000779979
01/04/04	,0.94	,1133.36	,18.21	,53.38	,1.000779979
01/05/04	,1.02	,1102.78	,18.41	,54.77	,1.000846052
01/06/04	,1.27	,1132.76	,18.60	,56.15	,1.001052222
01/07/04	,1.33	,1105.85	,18.79	,56.69	,1.001101634
01/08/04	,1.48	,1088.94	,18.97	,57.23	,1.001225045
01/09/04	,1.65	,1117.66	,19.16	,57.77	,1.00136471
01/10/04	,1.76	,1117.21	,19.25	,58.03	,1.001454967
01/11/04	,2.07	,1168.94	,19.35	,58.29	,1.001708847
01/12/04	,2.19	,1199.21	,19.44	,58.55	,1.001806934
01/01/05	,2.33	,1181.41	,19.70	,59.11	,1.001921235
01/02/05	,2.54	,1199.63	,19.97	,59.66	,1.002092418
01/03/05	,2.74	,1194.90	,20.23	,60.22	,1.002255151
01/04/05	,2.78	,1164.43	,20.46	,61.23	,1.002287662
01/05/05	,2.84	,1178.28	,20.70	,62.25	,1.002336408
01/06/05	,2.97	,1202.25	,20.93	,63.26	,1.002441935
01/07/05	,3.22	,1222.24	,21.11	,64.33	,1.002644528
01/08/05	,3.44	,1224.27	,21.29	,65.40	,1.002822438
01/09/05	,3.42	,1225.92	,21.47	,66.47	,1.002806279
01/10/05	,3.71	,1191.96	,21.72	,67.59	,1.003040309
01/11/05	,3.88	,1237.37	,21.97	,68.71	,1.00317722
01/12/05	,3.89	,1262.07	,22.22	,69.83	,1.003185267
01/01/06	,4.24	,1278.73	,22.41	,70.78	,1.003466473
01/02/06	,4.43	,1276.65	,22.59	,71.72	,1.003618766
01/03/06	,4.51	,1293.74	,22.78	,72.67	,1.003682813
01/04/06	,4.6	,1302.17	,23.00	,73.28	,1.003754812
01/05/06	,4.72	,1290.01	,23.22	,73.88	,1.003850723
01/06/06	,4.79	,1253.17	,23.44	,74.49	,1.003906624
01/07/06	,4.95	,1260.24	,23.66	,75.85	,1.004034271
01/08/06	,4.96	,1287.15	,23.88	,77.21	,1.004042243
01/09/06	,4.81	,1317.74	,24.10	,78.57	,1.00392259
01/10/06	,4.92	,1363.38	,24.36	,79.55	,1.004010351
01/11/06	,4.94	,1388.64	,24.62	,80.53	,1.004026298
01/12/06	,4.85	,1416.42	,24.88	,81.51	,1.003954513
01/01/07	,4.98	,1424.16	,25.08	,82.06	,1.004058185
01/02/07	,5.03	,1444.80	,25.29	,82.60	,1.004098027
01/03/07	,4.94	,1406.95	,25.49	,83.15	,1.004026298
01/04/07	,4.87	,1463.64	,25.72	,83.74	,1.00397047
01/05/07	,4.73	,1511.14	,25.94	,84.33	,1.003858711
01/06/07	,4.61	,1514.19	,26.17	,84.92	,1.003762809
01/07/07	,4.82	,1520.71	,26.44	,82.81	,1.003930572
01/08/07	,4.2	,1454.62	,26.71	,80.71	,1.003434379
01/09/07	,3.89	,1497.12	,26.98	,78.60	,1.003185267
01/10/07	,3.9	,1539.66	,27.23	,74.46	,1.003193314
01/11/07	,3.27	,1463.39	,27.48	,70.32	,1.002684992
01/12/07	,3	   ,1479.22	    ,27.73	,66.18	,1.00246627
01/01/08	,2.75	,1378.76	,27.92	,64.25	,1.00226328
01/02/08	,2.12	,1354.87	,28.11	,62.32	,1.00174973
01/03/08	,1.26	,1316.94	,28.30	,60.39	,1.001043985
01/04/08	,1.29	,1370.47	,28.44	,57.38	,1.001068696
01/05/08	,1.73	,1403.22	,28.57	,54.38	,1.00143036
01/06/08	,1.86	,1341.25	,28.71	,51.37	,1.001536941
01/07/08	,1.63	,1257.33	,28.76	,49.56	,1.00134829
01/08/08	,1.72	,1281.47	,28.80	,47.76	,1.001422157
01/09/08	,1.13	,1216.95	,28.85	,45.95	,1.000936825
01/10/08	,0.67	,968.80	    ,28.70	,35.59	,1.000556626
01/11/08	,0.19	,883.04	    ,28.54	,25.24	,1.000158196
01/12/08	,0.03	,877.56	    ,28.39	,14.88	,1.000024997
01/01/09	,0.13	,865.58	    ,28.01	,12.21	,1.000108269
01/02/09	,0.3	,805.23	    ,27.64	,9.53	,1.000249657
01/03/09	,0.21	,757.13	    ,27.26	,6.86	,1.000174832
01/04/09	,0.16	,848.15	    ,26.70	,7.08	,1.000133236
01/05/09	,0.18	,902.41	    ,26.15	,7.29	,1.000149876
01/06/09	,0.18	,926.12	    ,25.59	,7.51	,1.000149876
01/07/09	,0.18	,935.82	    ,25.03	,9.19	,1.000149876
01/08/09	,0.17	,1009.73	,24.46	,10.86	,1.000141556
01/09/09	,0.12	,1044.55	,23.90	,12.54	,1.000099945
01/10/09	,0.07	,1067.66	,23.40	,25.35	,1.000058315
01/11/09	,0.05	,1088.07	,22.91	,38.16	,1.000041657
01/12/09	,0.05	,1110.38	,22.41	,50.97	,1.000041657
01/01/10	,0.06	,1123.58	,22.24	,54.29	,1.000049986
01/02/10	,0.11	,1089.16	,22.07	,57.61	,1.00009162
01/03/10	,0.15	,1152.05	,21.90	,60.93	,1.000124914
01/04/10	,0.16	,1197.32	,21.95	,62.99	,1.000133236
01/05/10	,0.16	,1125.06	,21.99	,65.04	,1.000133236
01/06/10	,0.12	,1083.36	,22.04	,67.10	,1.000099945
01/07/10	,0.16	,1079.80	,22.14	,68.69	,1.000133236
01/08/10	,0.16	,1087.28	,22.25	,70.27	,1.000133236
01/09/10	,0.15	,1122.08	,22.35	,71.86	,1.000124914
01/10/10	,0.13	,1171.58	,22.48	,73.69	,1.000108269
01/11/10	,0.14	,1198.89	,22.60	,75.52	,1.000116592
01/12/10	,0.14	,1241.53	,22.73	,77.35	,1.000116592
01/01/11	,0.15	,1282.62	,22.96	,78.67	,1.000124914
01/02/11	,0.13	,1321.12	,23.20	,79.99	,1.000108269
01/03/11	,0.1	,1304.49	,23.43	,81.31	,1.000083295
01/04/11	,0.06	,1331.51	,23.73	,82.16	,1.000049986
01/05/11	,0.04	,1338.31	,24.04	,83.02	,1.000033327
01/06/11	,0.04	,1287.29	,24.34	,83.87	,1.000033327
01/07/11	,0.04	,1325.19	,24.62	,84.91	,1.000033327
01/08/11	,0.02	,1185.31	,24.90	,85.94	,1.000016665
01/09/11	,0.01	,1173.88	,25.18	,86.98	,1.000008333
01/10/11	,0.02	,1207.22	,25.60	,86.97	,1.000016665
01/11/11	,0.01	,1226.42	,26.01	,86.96	,1.000008333
01/12/11	,0.01	,1243.32	,26.43	,86.95	,1.000008333
01/01/12	,0.03	,1300.58	,26.74	,87.48	,1.000024997
01/02/12	,0.09	,1352.49	,27.04	,88.01	,1.000074969
01/03/12	,0.08	,1389.24	,27.35	,88.54	,1.000066642
01/04/12	,0.08	,1386.43	,27.67	,88.33	,1.000066642
01/05/12	,0.09	,1341.27	,28.00	,88.13	,1.000074969
01/06/12	,0.09	,1323.48	,28.32	,87.92	,1.000074969
01/07/12	,0.1	,1359.78	,28.74	,87.45	,1.000083295
01/08/12	,0.1	,1403.45	,29.17	,86.97	,1.000083295
01/09/12	,0.11	,1443.42	,29.59	,86.50	,1.00009162
01/10/12	,0.1	,1437.82	,30.14	,86.50	,1.000083295
01/11/12	,0.09	,1394.51	,30.70	,86.51	,1.000074969
01/12/12	,0.07	,1422.29	,31.25	,86.51	,1.000058315
01/01/13	,0.07	,1480.40	,31.54	,86.91	,1.000058315
01/02/13	,0.1	,1512.31	,31.82	,87.30	,1.000083295
01/03/13	,0.09	,1550.83	,32.11	,87.70	,1.000074969
01/04/13	,0.06	,1570.70	,32.50	,88.78	,1.000049986
01/05/13	,0.04	,1639.84	,32.88	,89.87	,1.000033327
01/06/13	,0.05	,1618.77	,33.27	,90.95	,1.000041657
01/07/13	,0.04	,1668.68	,33.65	,92.09	,1.000033327
01/08/13	,0.04	,1670.09	,34.02	,93.23	,1.000033327
01/09/13	,0.02	,1687.17	,34.40	,94.37	,1.000016665
01/10/13	,0.05	,1720.03	,34.60	,96.31	,1.000041657
01/11/13	,0.07	,1783.54	,34.79	,98.26	,1.000058315
01/12/13	,0.07	,1807.78	,34.99	,100.20	,1.000058315
01/01/14	,0.04	,1822.36	,35.40	,100.42	,1.000033327
01/02/14	,0.05	,1817.04	,35.82	,100.63	,1.000041657
01/03/14	,0.05	,1863.52	,36.23	,100.85	,1.000041657
01/04/14	,0.03	,1864.26	,36.61	,101.61	,1.000024997
01/05/14	,0.03	,1889.77	,37.00	,102.36	,1.000024997
01/06/14	,0.04	,1947.09	,37.38	,103.12	,1.000033327
01/07/14	,0.03	,1973.10	,37.75	,104.07	,1.000024997
01/08/14	,0.03	,1961.53	,38.12	,105.01	,1.000024997
01/09/14	,0.02	,1993.23	,38.49	,105.96	,1.000016665
01/10/14	,0.02	,1937.27	,38.81	,104.74	,1.000016665
01/11/14	,0.02	,2044.57	,39.12	,103.53	,1.000016665
01/12/14	,0.03	,2054.27	,39.44	,102.31	,1.000024997
01/01/15	,0.03	,2028.18	,39.90	,101.29	,1.000024997
01/02/15	,0.02	,2082.20	,40.35	,100.27	,1.000016665
01/03/15	,0.03	,2079.99	,40.81	,99.25	,1.000024997
01/04/15	,0.02	,2094.86	,41.12	,97.80	,1.000016665
01/05/15	,0.02	,2111.94	,41.43	,96.36	,1.000016665
01/06/15	,0.02	,2099.29	,41.74	,94.91	,1.000016665
01/07/15	,0.03	,2094.14	,42.00	,93.49	,1.000024997
01/08/15	,0.07	,2039.87	,42.25	,92.08	,1.000058315
01/09/15	,0.02	,1944.41	,42.51	,90.66	,1.000016665
01/10/15	,0.02	,2024.81	,42.80	,89.28	,1.000016665
01/11/15	,0.12	,2080.62	,43.10	,87.91	,1.000099945
01/12/15	,0.23	,2054.08	,43.39	,86.53	,1.000191465
01/01/16	,0.26	,1918.60	,43.55	,86.50	,1.000216409
01/02/16	,0.31	,1904.42	,43.72	,86.47	,1.000257967
01/03/16	,0.29	,2021.95	,43.88	,86.44	,1.000241346
01/04/16	,0.23	,2075.54	,44.07	,86.60	,1.000191465
01/05/16	,0.27	,2065.55	,44.27	,86.76	,1.000224722
01/06/16	,0.27	,2083.89	,44.46	,86.92	,1.000224722
01/07/16	,0.3	,2148.90	,44.65	,87.64	,1.000249657
01/08/16	,0.3	,2170.95	,44.84	,88.37	,1.000249657
01/09/16	,0.29	,2157.69	,45.03	,89.09	,1.000241346
01/10/16	,0.33	,2143.02	,45.25	,90.91	,1.000274585
01/11/16	,0.45	,2164.99	,45.48	,92.73	,1.000374229
01/12/16	,0.51	,2246.63	,45.70	,94.55	,1.00042401
01/01/17	,0.51	,2275.12	,45.93	,96.46	,1.00042401
01/02/17	,0.52	,2329.91	,46.15	,98.38	,1.000432304
01/03/17	,0.74	,2366.82	,46.38	,100.29	,1.000614585
01/04/17	,0.8	,2359.31	,46.66	,101.53	,1.000664235
01/05/17	,0.89	,2395.35	,46.94	,102.78	,1.000738658
01/06/17	,0.98	,2433.99	,47.22	,104.02	,1.000813021
01/07/17	,1.07	,2454.10	,47.54	,105.04	,1.000887323
01/08/17	,1.01	,2456.22	,47.85	,106.06	,1.000837795
01/09/17	,1.03	,2492.84	,48.17	,107.08	,1.000854308
01/10/17	,1.07	,2557.00	,48.42	,108.01	,1.000887323
01/11/17	,1.23	,2593.61	,48.68	,108.95	,1.001019267
01/12/17	,1.32	,2664.34	,48.93	,109.88	,1.001093401
01/01/18	,1.41	,2789.80	,49.29	,111.73	,1.001167474
01/02/18	,1.57	,2705.16	,49.64	,113.59	,1.001299012
01/03/18	,1.7	,2702.77	,50.00	,115.44	,1.001405747
01/04/18	,1.76	,2653.63	,50.33	,117.79	,1.001454967
01/05/18	,1.86	,2701.49	,50.66	,120.13	,1.001536941
01/06/18	,1.9	,2754.35	,50.99	,122.48	,1.00156971
01/07/18	,1.96	,2793.64	,51.44	,125.12	,1.001618842
01/08/18	,2.03	,2857.82	,51.89	,127.75	,1.001676128
01/09/18	,2.13	,2901.50	,52.34	,130.39	,1.001757904
01/10/18	,2.25	,2785.46	,52.81	,131.06	,1.001855938
01/11/18	,2.33	,2723.23	,53.28	,131.72	,1.001921235
01/12/18	,2.37	,2567.31	,53.75	,132.39	,1.001953866
01/01/19	,2.37	,2607.39	,54.15	,133.06	,1.001953866
01/02/19	,2.39	,2754.86	,54.54	,133.72	,1.001970177
01/03/19	,2.4	,2803.98	,54.94	,134.39	,1.001978332
01/04/19	,2.38	,2903.80	,55.32	,134.68	,1.001962022
01/05/19	,2.35	,2854.71	,55.70	,134.98	,1.001937552
01/06/19	,2.17	,2890.17	,56.08	,135.27	,1.001790593
01/07/19	,2.1	,2996.11	,56.46	,134.48	,1.001733379
01/08/19	,1.95	,2897.50	,56.84	,133.69	,1.001610655
01/09/19	,1.89	,2982.16	,57.22	,132.90	,1.001561519
01/10/19	,1.65	,2977.68	,57.56	,135.09	,1.00136471
01/11/19	,1.54	,3104.90	,57.90	,137.28	,1.001274363
01/12/19	,1.54	,3176.75	,58.24	,139.47	,1.001274363
01/01/20	,1.52	,3278.20	,58.69	,131.76	,1.001257927
01/02/20	,1.52	,3277.31	,59.13	,124.04	,1.001257927
01/03/20	,0.29	,2652.39	,59.58	,116.33	,1.000241346
01/04/20	,0.14	,2761.98	,59.61	,110.63	,1.000116592
01/05/20	,0.13	,2919.62	,59.65	,104.93	,1.000108269
01/06/20	,0.16	,3104.66	,59.68	,99.23	,1.000133236
01/07/20	,0.13	,3207.62	,59.40	,98.89	,1.000108269
01/08/20	,0.1	,3391.71	,59.13	,98.56	,1.000083295
01/09/20	,0.11	,3365.52	,58.85	,98.22	,1.00009162
01/10/20	,0.1	,3418.70	,58.66	,96.86	,1.000083295
01/11/20	,0.09	,3548.99	,58.47	,95.49	,1.000074969
01/12/20	,0.09	,3695.31	,58.28	,94.13	,1.000074969
01/01/21	,0.08	,3793.75	,58.06	,105.49	,1.000066642
01/02/21	,0.04	,3883.43	,57.85	,116.84	,1.000033327
01/03/21	,0.03	,3910.51	,57.63	,128.20	,1.000024997
01/04/21	,0.02	,4141.18	,57.71	,138.39	,1.000016665
01/05/21	,0.02	,4167.85	,57.79	,148.57	,1.000016665
01/06/21	,0.04	,4238.49	,57.87	,158.76	,1.000033327
01/07/21	,0.05	,4363.71	,58.33	,164.32	,1.000041657
01/08/21	,0.05	,4454.21	,58.79	,169.87	,1.000041657
01/09/21	,0.04	,4445.54	,59.25	,175.43	,1.000033327
01/10/21	,0.05	,4460.71	,59.64	,182.91	,1.000041657
01/11/21	,0.05	,4667.39	,60.02	,190.39	,1.000041657
01/12/21	,0.06	,4674.77	,60.40	,197.87	,1.000049986
01/01/22	,0.15	,4573.82	,60.92	,197.88	,1.000124914
01/02/22	,0.33	,4435.98	,61.45	,197.90	,1.000274585
01/03/22	,0.44	,4391.27	,61.97	,197.91	,1.000365929
01/04/22	,0.76	,4391.30	,62.65	,196.03	,1.000631138
01/05/22	,0.98	,4040.36	,63.34	,194.14	,1.000813021
01/06/22	,1.49	,3898.95	,64.02	,192.26	,1.001233267
01/07/22	,2.23	,3911.73	,64.45	,190.58	,1.001839606
01/08/22	,2.63	,4158.56	,64.89	,188.91	,1.002165684
01/09/22	,3.13	,3850.52	,65.32	,187.23	,1.002571646
01/10/22	,3.72	,3726.05	,65.85	,182.40	,1.003048368
01/11/22	,4.15	,3917.49	,66.39	,177.58	,1.003394246
01/12/22	,4.25	,3912.38	,66.92	,172.75	,1.003474495
01/01/23	,4.54	,3960.66	,67.35	,173.56	,1.003706819
01/02/23	,4.65	,4079.68	,67.78	,174.36	,1.003794787
01/03/23	,4.69	,3968.56	,68.21	,175.17	,1.003826755
01/04/23	,4.92	,4121.47	,68.38	,177.12	,1.004010351
01/05/23	,5.14	,4146.17	,68.54	,179.06	,1.004185619
01/06/23	,5.16	,4345.37	,68.71	,181.01	,1.004201536
01/07/23	,5.25	,4508.08	,68.91	,182.09	,1.004273128
01/08/23	,5.3	,4457.36	,69.11	,183.17	,1.004312877
01/09/23	,5.32	,4409.10	,69.31	,184.25	,1.004328771
01/10/23	,5.34	,4269.40	,69.64	,186.98	,1.004344663
01/11/23	,5.27	,4460.06	,69.97	,189.70	,1.004289029
01/12/23	,5.24	,4685.05	,70.30	,192.43	,1.004265176
01/01/24	,5.22	,4815.61	,70.48	,192.08	,1.00424927
01/02/24	,5.24	,5011.96	,70.65	,191.74	,1.004265176
01/03/24	,5.24	,5170.57	,70.82	,191.39	,1.004265176
01/04/24	,5.24	,5112.49	,71.21	,193.18	,1.004265176
01/05/24	,5.25	,5235.23	,71.59	,194.97	,1.004273128
01/06/24	,5.24	,5415.14	,71.98	,196.76	,1.004265176
01/07/24	,5.2	,5538.00	,72.45	,197.93	,1.004233362
01/08/24	,5.05	,5478.21	,72.93	,199.10	,1.004113959
01/09/24	,4.72	,5621.26	,73.40	,200.27	,1.003850723
01/10/24	,4.51	,5792.32	,73.88	,203.57	,1.003682813
01/11/24	,4.42	,5929.92	,74.35	,206.87	,1.003610757
01/12/24	,4.27	,6010.91	,74.83	,210.17	,1.003490536
01/01/25	,4.21	,5979.52	,75.27	,212.34	,1.003442404
01/02/25	,4.22	,6038.69	,75.71	,214.52	,1.003450428
01/03/25	,4.2	,5683.98	,76.15	,216.69	,1.003434379
01/04/25	,4.21	,5369.50	,76.55	,218.64	,1.003442404
01/05/25	,4.25	,5810.92	,76.95	,220.58	,1.003474495
01/06/25	,4.23	,6029.95	,77.35	,222.53	,1.003458451